org_id,site_id,name_en,name_th,acronym,org_type,level,province_codes,province_en,city,sex_worker_mention,sex_worker_led,services_mentioned,website,facebook_or_line,other_urls,partner_list_urls,evidence_urls,evidence_quotes,latest_activity_seen,notes,found_in_rounds,job_ids,n_records
Of07fcc7c,Of07fcc7c-8b04af,AHF Thailand (AIDS Healthcare Foundation),,AHF,international,international,TH-10,Bangkok,Watthana,yes,no,hiv_testing; sti_testing; referral; condoms_lubricants; hiv_treatment,https://ahfthailand.com/,,https://www.aidshealth.org/global/thailand/,,https://ahfthailand.com/about,การให้คำปรึกษา ตรวจหาการติดเชื้อเอชไอวี โรคติดต่อทางเพศสัมพันธ์ และส่งต่อเข้าสู่ระบบบริการโดยความร่วมมือกับองค์กรชุมชน และหน่วยงานภาครัฐ,2026,"Own About page lists ผู้ให้บริการทางเพศ among groups. AHF says it has no own clinics in Thailand; supports partner facilities (~50 partners across provinces, not named in sources seen). Bangkok office address published at aidshealth.org page.",1,r1_c_international,1
O2f87b87f,O2f87b87f-40eb6a,Asia Pacific Network of Sex Workers (APNSW),,APNSW,network,international,TH-10,Bangkok,Bangkok,yes,yes,referral,https://apnsw.net,https://www.facebook.com/APNSW/,https://x.com/apnsw,,http://mail.cgshe.ca/policy/sex-work-health-human-rights/co-authors/asia-pacific-network-of-sex-workers-apnsw/,"The network management is sex worker led, and membership consists primarily of sex worker led organisations.",2026,"Regional network secretariat in Bangkok; no direct HIV/mental health service seen, advocacy/networking only. Evidence page is a third-party (CGSHE) page; Facebook page confirms Bangkok. Thai members not listed in results.",1,r1_a_sex_worker_led,1
O3dd478d9,O3dd478d9-12c4d1,"Bangkok Metropolitan Administration primary health centres - key population outreach (PrEP, counselling and testing)",ศูนย์บริการสาธารณสุข กรุงเทพมหานคร (สำนักอนามัย กทม.),BMA,government,local,TH-10,Bangkok,,yes,no,hiv_testing; prep; pep; outreach,,,https://fasttrackcitiesmap.unaids.org/cities/bangkok/,,https://fasttrackcitiesmap.unaids.org/cities/bangkok/,"all of the city’s 68 primary health centres have integrated outreach programmes that provide counselling and testing for gay men and other men who have sex with men, transgender people, male and female sex workers",2022,"Evidence is a UNAIDS Fast-Track Cities page, not a BMA page. Says 15 BMA centres provide PrEP and nonoccupational PEP. Individual centres are not listed here. Checker should find which centres offer the service.",2,r2_bkk,1
Ofed32763,Ofed32763-1b13dc,"Bangrak STIs Center (Bangrak Medical Center), Department of Disease Control",ศูนย์การแพทย์บางรัก (โรงพยาบาลบางรัก) กรมควบคุมโรค,,government,local,TH-10,Bangkok,Sathorn,unclear,no,sti_testing; sti_treatment; hiv_testing,,https://www.facebook.com/BangrakSTIsCenter,,,https://www.thaipost.net/education-news/87562/,ศูนย์กลางด้านสุขภาพทางเพศแบบ One stop service ให้บริการครอบคลุมทั้งการตรวจคัดกรอง ให้คำปรึกษา รักษาโรคติดต่อทางเพศสัมพันธ์,2022,STI service confirmed by news page only; no own page or official document naming sex workers found (PMC article on MSM/TG program mentions Bangrak as a referral site). Sex worker link is a gap; checker to decide. Facebook URL appeared in fast-trackcities.org listing.,1,r1_d_government,1
Ofed32763,Ofed32763-136d2c,"Bangrak STIs Center (Bangrak Medical Center), Department of Disease Control",ศูนย์การแพทย์บางรัก (โรงพยาบาลบางรัก) กรมควบคุมโรค,,government,national,TH-10,Bangkok,Bang Rak,unclear,no,hiv_testing; sti_testing; sti_treatment; prep,,https://www.facebook.com/BangrakSTIsCenter,https://ddc.moph.go.th/das/news.php?news=33805,,https://healthserv.net/healthbiz/13359,"จ่ายยาเพร็พ (PrEP) เพื่อป้องกันการติดเชื้อเอชไอวีรายใหม่, ให้บริการแบบ STIs Test & Go",2023,"Services confirmed (DDC page lists Bangrak clinic, tel 0 2286 2465, Facebook BangrakSTIsCenter, free HIV testing). Sex worker link only indirect: launch article names the sex worker foundation (มูลนิธิเพื่อนพนักงานบริการ) and RSAT as partners; not shown that Bangrak itself names sex workers as a served group. Evidence is a news page. Needs manual check for sex worker mention.",3,r3_social,1
O258587da,O258587da-c2c38b,"Foundation for Inclusion Rights (FAIR), formerly Foundation for AIDS Rights (FAR) - Baan Samoe",มูลนิธิเพื่อสิทธิความหลากหลาย (FAIR) เดิมมูลนิธิศูนย์คุ้มครองสิทธิด้านเอดส์ (FAR),FAIR / FAR,ngo,national,TH-10,Bangkok,Min Buri,unclear,no,legal_aid; mental_health; violence_support; harm_reduction; hiv_testing; condoms_lubricants; referral,https://fairthailand.org,https://www.facebook.com/p/%E0%B8%A1%E0%B8%B9%E0%B8%A5%E0%B8%99%E0%B8%B4%E0%B8%98%E0%B8%B4%E0%B9%80%E0%B8%9E%E0%B8%B7%E0%B9%88%E0%B8%AD%E0%B8%AA%E0%B8%B4%E0%B8%97%E0%B8%98%E0%B8%B4%E0%B8%84%E0%B8%A7%E0%B8%B2%E0%B8%A1%E0%B8%AB%E0%B8%A5%E0%B8%B2%E0%B8%81%E0%B8%AB%E0%B8%A5%E0%B8%B2%E0%B8%A2-FAIR-61557330737859/,https://fairthailand.org/baansamer.php; https://x.com/fair_thailand; https://www.facebook.com/fairthailandorg/,,https://fairthailand.org/baansamer.php,บ้านเสมอโดยมูลนิธิเพื่อสิทธิความหลากหลาย บริการให้คำปรึกษา และดำเนินการช่วยเหลือทางกฎหมาย จากการถูกเลือกปฎิบัติ หรือถูกกระทำความรุนแรง,2025,"Baan Samoe offers legal, mental health, harm reduction, sexual health services. The Baan Samoe page does not name sex workers; FAR director spoke at a SWING event on violence against sex workers (thestandard.co/key-messages-sex-worker/), and DDC national AIDS plan lists FAR as partner. Checker should confirm sex worker connection. Bangkok address on Facebook is published by the org page (not recorded here).",1,r1_e_support,1
O2765c2f5,O2765c2f5-d2cd69,Institute of HIV Research and Innovation (IHRI) - Tangerine Clinic,มูลนิธิสถาบันเพื่อการวิจัยและนวัตกรรมด้านเอชไอวี,IHRI,ngo,national,TH-10,Bangkok,Pathum Wan,yes,no,hiv_testing; sti_testing; hiv_treatment; prep; pep,https://ihri.org/overview/,,,,https://pmc.ncbi.nlm.nih.gov/articles/PMC11666330/,"Participants included a diverse range of transgender individuals, for example transgender women and men, sex workers, youth, persons with HIV",2025,"Tangerine Clinic primarily serves transgender people; sex workers were consulted participants, evidence is a journal article. UNAIDS 2024 article confirms HIV/STI testing and treatment. Sex worker service link is indirect.",1,r1_b_ngo_health,1
Oc741d0ed,Oc741d0ed-5bea26,Rainbow Sky Association of Thailand (RSAT) - Bangkok (Ramkhamhaeng),สมาคมฟ้าสีรุ้งแห่งประเทศไทย คลินิกเทคนิคการแพทย์ฟ้าสีรุ้งรามคำแหง,RSAT,ngo,local,TH-10,Bangkok,Bang Kapi,yes,no,hiv_testing; sti_testing; prep; pep; condoms_lubricants; hiv_treatment; mental_health,http://www.rsat.info/en/,https://www.facebook.com/rsat.info/,https://speakoutthailand.com/clinics/rsat-ramkhamhaeng/; https://thaisisterhood.com/resources/ngo/rsat-thailand,,https://www.unaids.org/en/resources/presscentre/featurestories/2023/june/20230623_thailand-stigma-free-key-population-services,"RSAT offers sexual healthcare for men who have sex with men, migrants, people who use drugs, sex workers and transgender people.",2025,"Sex worker mention is from UNAIDS feature (2023), not RSAT's own page. Service details from Speak OUT Thailand and Sisterhood listings. Note 2023 policy changes on KP-led PrEP dispensing; check current status.",1,r1_b_ngo_health,1
Oaed6a02d,Oaed6a02d-079c44,Raks Thai Foundation (CARE Thailand),มูลนิธิรักษ์ไทย,RTF,ngo,national,TH-10,Bangkok,,yes,no,hiv_testing; outreach; migrant_support; condoms_lubricants,,,https://worldvision.or.th/news/grant/%E0%B8%A2%E0%B8%B8%E0%B8%95%E0%B8%B4%E0%B8%A7%E0%B8%B1%E0%B8%93%E0%B9%82%E0%B8%A3%E0%B8%84%E0%B9%81%E0%B8%A5%E0%B8%B0%E0%B9%80%E0%B8%AD%E0%B8%94%E0%B8%AA%E0%B9%8C/,,https://www.hhrjournal.org/2013/09/10/sex-and-the-global-fund-how-sex-workers-lesbians-gays-bisexuals-transgender-people-and-men-who-have-sex-with-men-are-benefiting-from-the-global-fund-or-not/,"an NGO principal recipient, RAKS Thai Foundation, was able to direct funding to EMPOWER, a sex workers’ rights group, to implement a grant component focusing on HIV services for migrant sex workers",2024,Evidence is a 2013 journal article (not org page); Global Fund civil-society principal recipient also per UNAIDS PCB51 case study. Raks Thai ran HIV programmes for migrants (PHAMIT) and in 2024 gave free condoms for World AIDS Day (news.ch7.com/detail/769200). Province codes: HQ Bangkok assumed; work provinces not confirmed - checker should verify. Current sex-worker programming unclear (UNAIDS 2021 case study says limited).,1,r1_c_international,1
O020d3e3f,O020d3e3f-07a028,Service Workers in Group Foundation (SWING) - Bangkok,มูลนิธิเซอร์วิสเวิร์คเกอร์ อิน กรุ๊ป,SWING,ngo,national,TH-10,Bangkok,Bang Rak (Silom),yes,yes,hiv_testing; hiv_treatment; condoms_lubricants; outreach; referral; education_livelihood,https://www.swingthailand.org/en/swingstory,,,,https://www.swingthailand.org/en/swingstory,"SWING is a community-based organization driven by the perspectives, needs and aspirations of the sex worker community.",2026,"Own site lists clinic phone 02-632-9501, office 02-632-9502, Silom64 Building 6th floor. Sex-worker-led per UNAIDS (run by current/former sex workers) and HaRDstories. Founding page says male, female and transgender sex workers.",1,r1_a_sex_worker_led,1
Off6c34d8,Off6c34d8-bf0124,Silom Community Clinic @TropMed,คลินิกชุมชนสีลม,SCC,other,local,TH-10,Bangkok,Bang Rak,unclear,no,hiv_testing; sti_testing; prep,http://www.silomclinic.in.th/map.html,,https://www.fast-trackcities.org/hiv-services/bangkok,,https://pmc.ncbi.nlm.nih.gov/articles/PMC11574323/,"Silom Community Clinic @TropMed (SCC @TropMed), Bangkok; Rainbow Sky Association of Thailand (RSAT), Bangkok; and Service Workers in Group Foundation in Bangkok and Pattaya",2024,"Evidence is a research article. It names the clinic as a site for young transgender women who sell or trade sex. Other sources describe it as a free anonymous HIV/STI clinic for MSM and transgender women. Run by the Thailand MOPH-US CDC Collaboration. Fast-Track Cities lists the address as Silom 64, 3rd floor, Bang Rak. Whether sex workers are named as a served group on its own page is unclear.",2,r2_bkk,1
O07584091,O07584091-2559ba,"Tangerine Community Health Centre, Institute of HIV Research and Innovation / Thai Red Cross AIDS Research Centre",คลินิกแทนเจอรีน ศูนย์วิจัยโรคเอดส์ สภากาชาดไทย,TRC-ARC,other,local,TH-10,Bangkok,Pathum Wan,yes,no,hiv_testing; sti_testing; sti_treatment; prep; pep; hiv_treatment; mental_health,https://th.aidsid.or.th/anonymous-clinic/,,,,https://www.spotlightnsp.co.za/2018/07/24/aids2018-tangerine-a-thai-transgender-programme-that-works/,"including transgender advocates, healthcare providers, those working within the fashion industry, as well as transgender sex workers.",2025,"Evidence is a news/interview page; sex workers named only as consultation participants. Thai Red Cross is a humanitarian society, not strictly government/university. Anonymous Clinic's own page (th.aidsid.or.th/anonymous-clinic) lists HIV/STI testing, PEP, PrEP but does not name sex workers; UNAIDS says Red Cross Princess PrEP funds SWING etc.",1,r1_d_government,1
Od7cb0d6a,Od7cb0d6a-172be1,Thai NGO Coalition on AIDS (TNCA),คณะกรรมการองค์การพัฒนาเอกชนด้านเอดส์ (กพอ.),TNCA,network,national,TH-10,Bangkok,,unclear,unclear,referral,https://tncathai.org/,,http://tncathai.org/index.php/about-us,http://www.tncathai.org/index.php/network,https://tncathai.org/,องค์กรพัฒนาเอกชนที่ขับเคลื่อนโดยชุมชนในการต่อสู้กับเอชไอวี/เอดส์ในประเทศไทย,2024,"Coalition of community NGOs. Chaired by the SWING director (bkktribune.com), and Empower is a founding member. Its own pages do not state sex worker services or testing. TH-10 is assumed and not confirmed. A northern coordinator in Chiang Mai (TH-50) is listed on the about-us page. Checker to decide.",3,r3_leads,1
O4284b116,O4284b116-3441e2,Thai Red Cross AIDS Research Centre Anonymous Clinic (AIDSID),คลินิกนิรนาม ศูนย์วิจัยโรคเอดส์และโรคติดเชื้อ สภากาชาดไทย,AIDSID,other,national,TH-10,Bangkok,Pathum Wan,unclear,no,hiv_testing; sti_testing; hiv_treatment; prep; pep,https://th.aidsid.or.th/,https://www.facebook.com/ByTrcarc/,,,https://th.aidsid.or.th/%E0%B8%9A%E0%B8%A3%E0%B8%B4%E0%B8%81%E0%B8%B2%E0%B8%A3%E0%B8%84%E0%B8%A5%E0%B8%B4%E0%B8%99%E0%B8%B4%E0%B8%81%E0%B8%84%E0%B8%99%E0%B8%82%E0%B9%89%E0%B8%B2%E0%B8%A1%E0%B9%80%E0%B8%9E%E0%B8%A8,ตรวจเอชไอวี ตรวจซิฟิลิส และโรคติดต่อทางเพศสัมพันธ์ ให้ยาป้องกันการติดเชื้อเอชไอวี เพร็พ/เป็บ (PrEP/PEP),2026,Red Cross-affiliated (quasi-governmental). Own page doesn't name sex workers; TRCARC's KPLHS model document names male and transgender sex workers (https://differentiatedservicedelivery.org/wp-content/uploads/1-thailand-thai-red-cross-aids-research-centre-with-suggested-citation.pdf). Checker to decide.,1,r1_b_ngo_health,1
O280769d6,O280769d6-5507e4,World Vision Foundation of Thailand (Global Fund TB/HIV migrant programme),มูลนิธิศุภนิมิตแห่งประเทศไทย,WVFT,international,national,TH-10; TH-11; TH-12; TH-13; TH-50; TH-57; TH-58; TH-63; TH-70; TH-71,Bangkok; Samut Prakan; Nonthaburi; Pathum Thani; Chiang Mai; Chiang Rai; Mae Hong Son; Tak; Ratchaburi; Kanchanaburi,,yes,no,hiv_testing; hiv_treatment; migrant_support; referral,https://worldvision.or.th/,,https://worldvision.or.th/where-we-work/,https://worldvision.or.th/news/grant/%E0%B8%A2%E0%B8%B8%E0%B8%95%E0%B8%B4%E0%B8%A7%E0%B8%B1%E0%B8%93%E0%B9%82%E0%B8%A3%E0%B8%84%E0%B9%81%E0%B8%A5%E0%B8%B0%E0%B9%80%E0%B8%AD%E0%B8%94%E0%B8%AA%E0%B9%8C/,https://worldvision.or.th/news/grant/%E0%B8%A2%E0%B8%B8%E0%B8%95%E0%B8%B4%E0%B8%A7%E0%B8%B1%E0%B8%93%E0%B9%82%E0%B8%A3%E0%B8%84%E0%B9%81%E0%B8%A5%E0%B8%B0%E0%B9%80%E0%B8%AD%E0%B8%94%E0%B8%AA%E0%B9%8C/,พนักงานบริการและคู่ สามารถเข้าถึงบริการสุขภาพด้านวัณโรคและเอชไอวีอย่างเท่าเทียม โดยภาคีเครือข่ายผู้รับทุนรองที่ดำเนินงาน ได้แก่ มูลนิธิเพื่อสุขภาพและการเรียนรู้ของแรงงานกลุ่มชาติพันธ์ (MAP),,"Appears to be Global Fund grant principal recipient (with Raks Thai) for migrant TB/HIV; page date not seen. Province list taken from 'Where we work' migrant/HIV programme areas (Bangkok, Nonthaburi, Pathum Thani, Samut Prakan, Ratchaburi, Kanchanaburi, Tak, Chiang Mai, Chiang Rai, Mae Hong Son); list was truncated in snippet and sex-worker work per province unverified.",1,r1_c_international,1
Oa3d6edc3,Oa3d6edc3-16e80b,Planned Parenthood Association of Thailand (PPAT) - Khon Kaen,สมาคมวางแผนครอบครัวแห่งประเทศไทย (สวท),PPAT,ngo,national,TH-10; TH-40,Bangkok; Khon Kaen,,yes,no,hiv_testing; sti_testing; outreach; referral; condoms_lubricants; contraception_pregnancy,https://ppat.or.th/,,https://www.ippf.org/about-us/member-associations/thailand,,https://ppat.or.th/en/%E0%B8%81%E0%B8%B2%E0%B8%A3%E0%B8%9B%E0%B9%89%E0%B8%AD%E0%B8%87%E0%B8%81%E0%B8%B1%E0%B8%99%E0%B8%81%E0%B8%B2%E0%B8%A3%E0%B8%95%E0%B8%B4%E0%B8%94%E0%B9%80%E0%B8%8A%E0%B8%B7%E0%B9%89%E0%B8%AD-hivaids-2/,เครือข่ายเพื่อนพนักงานบริการหญิง อาสาสมัครโครงการ และแกนนำกลุ่มเป้าหมาย ได้จัดให้บริการเชิงรุกแก่กลุ่มเป้าหมายในอำเภอเมืองขอนแก่น,,"IPPF member association; Khon Kaen outreach to venues (karaoke, massage) with HIV/STI testing referral per PPAT page. Bangkok outreach to sex workers per IPPF story (older, ippf.org/stories/...). PPAT has ~10 clinics; other branch provinces not verified. Also partnered with SWING/UNAIDS on COVID rapid assessment of sex workers.",1,r1_c_international,1
O15a52d06,O15a52d06-4088aa,"Empower Foundation - Mae Sai, Mae Sot, Mukdahan, Patong (historical centres)",มูลนิธิเอ็มพาวเวอร์ ศูนย์แม่สาย แม่สอด มุกดาหาร ป่าตอง,Empower,ngo,local,TH-10; TH-49; TH-57; TH-63; TH-83,Bangkok; Mukdahan; Chiang Rai; Tak; Phuket,"Mae Sai, Mae Sot, Mukdahan, Patong",yes,yes,education_livelihood; migrant_support,https://www.empowerlibrary.online/,,,,https://db.sac.or.th/museum/museum-detail/1439,ปัจจุบันเอ็มพาวเวอร์มีศูนย์อยู่ที่กรุงเทพฯ เชียงใหม่ แม่สาย ป่าตอง มุกดาหาร และแม่สอด,,"Evidence is a government museum database page, undated; Empower's own current page lists only Chiang Mai. Likely outdated; checker should verify per province before splitting.",1,r1_a_sex_worker_led,1
O15a52d06,O15a52d06-4b6f85,Empower Foundation - Nonthaburi (head office / museum),มูลนิธิเอ็มพาวเวอร์ นนทบุรี,Empower,ngo,national,TH-12,Nonthaburi,Nonthaburi,yes,yes,,https://www.empowerlibrary.online/,,,,https://www.empowerlibrary.online/,"Currently we have a Centre in Chiang Mai with a local community of around 3,000 sex workers and a Museum in Nontaburi.",,"Museum/head office; Under the Ropes (2016) says museum moved to Chiang Mai, so Nonthaburi status unclear. No health service shown; include only if checker accepts.",1,r1_a_sex_worker_led,1
Oc741d0ed,Oc741d0ed-6cbba6,Rainbow Sky Association of Thailand (RSAT) - Chonburi,คลินิกเทคนิคการแพทย์ฟ้าสีรุ้งชลบุรี,RSAT,ngo,local,TH-20,Chon Buri,Mueang Chonburi,unclear,no,hiv_testing; sti_testing; prep; pep,http://www.rsat.info/en/,https://www.facebook.com/rsat.info/,https://www.hivjustice.net/organisation/rsat-rainbow-sky-association-of-thailand/,,https://thaisisterhood.com/resources/ngo/rsat-thailand,คลินิกเทคนิคการแพทย์ฟ้าสีรุ้งชลบุรี,,Third-party directory; listing shows HIV/syphilis testing and PrEP/PEP at Chonburi. Sex worker mention only at RSAT organisation level (UNAIDS).,1,r1_b_ngo_health,1
O020d3e3f,O020d3e3f-bb7609,Service Workers in Group Foundation (SWING) - Pattaya,มูลนิธิเซอร์วิสเวิร์คเกอร์ อิน กรุ๊ป พัทยา,SWING,ngo,local,TH-20,Chon Buri,Pattaya,yes,yes,hiv_testing; hiv_treatment; condoms_lubricants; outreach,https://www.swingthailand.org/en/swingstory,,,,https://www.swingthailand.org/en/swingstory,SWING operates nationally with offices currently in Bangkok and Pattaya.,2026,"Pattaya Mail reports community health workers certified by DDC to provide HIV services to sex workers in Pattaya (office on Soi 14), https://www.pattayamail.com/news/u-s-embassy-official-visits-pattayas-swing-foundation-375186. Specific address not copied.",1,r1_a_sex_worker_led,1
O37030553,O37030553-14a31a,Sisters Foundation (Pattaya),มูลนิธิซิสเตอร์ พัทยา,Sisters,ngo,local,TH-20,Chon Buri,Pattaya,yes,unclear,hiv_testing; sti_testing; mental_health; outreach,,,https://www.unaids.org/en/resources/presscentre/featurestories/2009/march/20090319sexwork,,https://www.unaids.org/en/resources/presscentre/featurestories/2009/march/20090319sexwork,"Sisters, like Swing runs a drop-in centre in Pattaya where they provide medical services, counselling, skills development as well as club activities",,"Transgender-led/serving; UNAIDS article (2009) speaks of transgender sex workers; PLOS ONE says HIV testing, syphilis screening, mobile testing. Not explicitly sex-worker-led; no own page seen. DDC document lists Sisters also in Chon Buri and Rayong (TH-21) - not verified.",1,r1_a_sex_worker_led,1
O45311349,O45311349-a05f2d,Tamar Center Pattaya,,,ngo,local,TH-20,Chon Buri,Pattaya,yes,no,outreach; education_livelihood; contraception_pregnancy; shelter,http://www.tamarcenter.org/en/home,,https://www.globalgiving.org/donate/33826/tamar-center/,,https://www.globalgiving.org/projects/help-sexworkers-in-thailand-find-a-new-life/,"We do this by reaching out, building relationships, offering vocational training, counseling and providing life teaching",,"Faith-based exit/livelihood programme for women in Pattaya's sex industry. Offers counselling and pregnancy counselling via bar outreach; no HIV/STI testing or condoms seen. Counselling may not be mental health support; checker to decide. Evidence is a GlobalGiving page, not the organisation's own site (site not fetched). Exit-oriented, not rights-based.",2,r2_chb,1
O5cfedc75,O5cfedc75-d09fe2,Sisters Foundation - Rayong centre,มูลนิธิซิสเตอร์ ศูนย์ระยอง,,ngo,local,TH-21,Rayong,Mueang Rayong,unclear,unclear,hiv_testing; sti_testing; prep; hiv_treatment; condoms_lubricants; referral,https://sistersrayong.com,https://www.facebook.com/sistersfoundationrayong/,https://thaisisterhood.com/resources/clinic/sisters-rayong; https://love2test.org/clinic/sistersrayong; https://x.com/sisters_rayong,,https://www.facebook.com/sistersfoundationrayong/,ซิสเตอร์ ระยอง ศูนย์บริการชุมชนมาตรฐานระดับเพชร ตรวจเอชไอวีและซิฟิลิส 60 นาทีรู้ผล ไม่มีค่าใช้จ่าย | ซิสเตอร์ ระยอง ศูนย์บริการชุมชนมาตรฐานระดับเพชร ตรวจเอชไอวีและซิฟิลิส 60 นาทีรู้ผล ไม่มีค่าใช้จ่าย จองเลย,2025,"Branch of Sisters Foundation (already recorded for Pattaya TH-20), a transgender-led centre. Sources seen do not explicitly name sex workers; the checker should confirm. Services (HIV/STI testing, PrEP referral) per thaisisterhood.com listing. Address is published on its own Facebook page (Mueang Rayong). | Services confirmed by Facebook page, X posts and thaisisterhood.com (HIV/syphilis testing, PrEP, ART referral, free condoms). Serves transgender community (trans-led per Sisters Foundation). Sources seen do not explicitly name sex workers for the Rayong centre. Needs manual check for sex worker mention.",2; 3,r2_e1; r3_social,2
Ob31fa3c2,Ob31fa3c2-3f8fb3,Mplus Foundation - Nakhon Ratchasima clinic,มูลนิธิเอ็มพลัส นครราชสีมา,,ngo,local,TH-30,Nakhon Ratchasima,,yes,unclear,hiv_testing; sti_testing; prep; pep,https://www.mplusthailand.com/en/,,,,https://www.mplusthailand.com/en/,Mplus Clinic - Chiangmai - Chiang Rai - Phitsanulok - Nakhon Ratchasima,2026,Branch listed on Mplus site; sex worker link inferred from organisation-level statement.,1,r1_b_ngo_health,1
O23e643d1,O23e643d1-188ae5,Empower Foundation - Ubon Ratchathani centre,มูลนิธิเอ็มพาวเวอร์,,ngo,local,TH-34,Ubon Ratchathani,,yes,yes,,,,,,https://tile.loc.gov/storage-services/service/gdc/gdcovop/2013341774/2013341774.pdf,"near the Laos border (Ubon Ratchathani, Udon Thani, Mukdahan)",,Evidence is an older research report (not org page) saying Empower has a centre in Ubon Ratchathani; current status and health services unverified.,2,r2_ne2,1
Oc741d0ed,Oc741d0ed-ec02ad,Rainbow Sky Association of Thailand (RSAT) - Ubon Ratchathani,สมาคมฟ้าสีรุ้ง อุบลราชธานี,RSAT,ngo,local,TH-34,Ubon Ratchathani,,unclear,no,hiv_testing; prep; pep; hiv_treatment,http://www.rsat.info/en/,https://www.facebook.com/rsat.info/,,,https://www.hivjustice.net/organisation/rsat-rainbow-sky-association-of-thailand/,"Runs 6 clinics in Bangkok, Songkhla Province, Ubon Ratchathani Province, Nakhon Sawan Province, Pathom Province & Chonburi Province",,Evidence is a third-party directory; address on rsat.info/en/contact-2/ should be verified by checker.,1,r1_b_ngo_health,1
O7d85d820,O7d85d820-d6228e,"Health and Share Foundation (HSF) - HIV/AIDS Prevention & Care Project, Khemarat",,HSF,ngo,local,TH-34; TH-37,Ubon Ratchathani; Amnat Charoen,Khemarat,yes,no,outreach; referral,https://healthandshare.org/,,https://healthandshare.org/projects/hiv-prevention/,,https://healthandshare.org/projects/hiv-prevention/,"emphasizing the capacity building of target groups, such as MSM (Men Who Have Sex with Men), sex workers, youths, as well as community leaders.",,"Project initiated in Ubon Ratchathani and Amnat Charoen; site office at Khemarat Hospital Border Health Building, Ubon. Targets Lao migrant workers & sex workers. Specific HIV testing/condom services not stated; check currency (page ~3 years old).",2,r2_ne2,1
O6cb85989,O6cb85989-f0a176,Actteam Khon Kaen,แอ๊คทีม ขอนแก่น,,ngo,local,TH-40,Khon Kaen,Mueang Khon Kaen,unclear,unclear,hiv_testing; sti_testing; prep; pep; condoms_lubricants,,,https://lovefoundation.or.th/en/clinics/,,https://lovefoundation.or.th/en/clinics/,"Actteam is a health-service location in Khon Kaen offering HIV testing, PrEP, PEP, STI testing and care.",2026,No source seen naming sex workers; included as KP-led service for checker.,1,r1_b_ngo_health,1
O7d962698,O7d962698-55afbe,M-Friends Udon Thani Foundation,มูลนิธิเอ็มเฟรนด์อุดรธานี,M-Friends,ngo,local,TH-41,Udon Thani,Mueang Udon Thani,yes,unclear,prep; pep; hiv_testing; sti_testing; condoms_lubricants; referral; outreach,http://mfriendsfoundation.com/,https://www.facebook.com/MFUDon/,https://lovefoundation.or.th/en/clinics/; https://love2test.org/clinic/MFriends,https://www.mplusthailand.com/en/%E0%B8%A1%E0%B8%B9%E0%B8%A5%E0%B8%99%E0%B8%B4%E0%B8%98%E0%B8%B4%E0%B9%80%E0%B8%AD%E0%B9%87%E0%B8%A1%E0%B8%9E%E0%B8%A5%E0%B8%B1%E0%B8%AA-%E0%B8%A3%E0%B9%88%E0%B8%A7%E0%B8%A1%E0%B8%81%E0%B8%B1%E0%B8%9A/,https://lovefoundation.or.th/en/clinics/; https://thaisisterhood.com/resources/clinic/m-friends-udonthani-foundation,"M-Friends is a health-service location in Udon Thani offering PrEP, PEP. | ผู้หญิงข้ามเพศ พนักงานบริการหญิง พนักงานบริการชาย และผู้ใช้สารเสพติดชนิดฉีดเข้าเส้น",2026,"Community health service centre listed in TNN free-HIV-test list (tel 09 3396 9458). No source seen naming sex workers; key-population service. Facebook page named 'มูลนิธิเอ็มเฟรนด์อุดรธานี M-Friends Udonthani Foundation' but URL not seen. | Sex worker mention is from third-party Sisterhood directory page (not the organisation's own page). Org's own site lists MSM, trans women, PWID only. Love2test page lists free HIV/syphilis testing, PrEP/PEP referral, condoms. Also expanded to nearby provinces per Sisterhood page.",1; 3,r1_b_ngo_health; r3_gap_8,2
Ocacdd1b1,Ocacdd1b1-f181ab,CAREMAT Foundation Chiang Mai,มูลนิธิแคร์แมท เชียงใหม่,CAREMAT,ngo,local,TH-50,Chiang Mai,Mueang Chiang Mai,yes,unclear,hiv_testing; sti_testing; prep; pep; condoms_lubricants; mental_health; referral,https://caremathub.com,@carejung.cnx,https://love2test.org/en/clinic/caremat-chiangmai,,https://love2test.org/en/clinic/caremat-chiangmai,"The foundation primarily serves **men who have sex with men (MSM)**, **transgender women (TGW)**, and **male/female sex workers**, all of whom can access services **free of charge**.",2025,"Evidence is the Love2Test directory, not Caremat's own page; website caremathub.com appeared only as a link in that page. LINE ID @carejung.cnx for HIV self-test kits.",1,r1_b_ngo_health,1
O15a52d06,O15a52d06-c76b01,Empower Foundation - Chiang Mai centre,มูลนิธิเอ็มพาวเวอร์ (มูลนิธิส่งเสริมโอกาสผู้หญิง),Empower,ngo,national,TH-50,Chiang Mai,Chiang Mai,yes,yes,mental_health; legal_aid; labour_rights; education_livelihood; migrant_support; outreach,https://www.empowerlibrary.online/,,http://www.empowerfoundation.org,,https://www.empowerlibrary.online/,"Currently we have a Centre in Chiang Mai with a local community of around 3,000 sex workers and a Museum in Nontaburi.",2026-09,"Own library site is evidence; led by sex workers per GAATW 'owned and managed by sex workers'. Under the Ropes (2016) says Chiang Mai offers education, counselling and health care. Health testing services not confirmed; check. Prachatai Sept 2026 shows ongoing activity. Facebook page exists but URL not seen.",1,r1_a_sex_worker_led,1
O1e9a9fa9,O1e9a9fa9-a4d691,MAP Foundation (Migrant Assistance Programme) - sub-recipient,มูลนิธิเพื่อสุขภาพและการเรียนรู้ของแรงงานกลุ่มชาติพันธ์ (MAP),MAP,ngo,provincial,TH-50,Chiang Mai,,yes,unclear,hiv_testing; migrant_support; outreach,https://www.mapfoundationcm.org,,,,https://worldvision.or.th/news/grant/%E0%B8%A2%E0%B8%B8%E0%B8%95%E0%B8%B4%E0%B8%A7%E0%B8%B1%E0%B8%93%E0%B9%82%E0%B8%A3%E0%B8%84%E0%B9%81%E0%B8%A5%E0%B8%B0%E0%B9%80%E0%B8%AD%E0%B8%94%E0%B8%AA%E0%B9%8C/,ผู้รับทุนรองที่ดำเนินงาน ได้แก่ มูลนิธิเพื่อสุขภาพและการเรียนรู้ของแรงงานกลุ่มชาติพันธ์ (MAP) ศูนย์อภิบาลผู้เดินทางทะเล (STM) องค์การอไลท์ (ALIGHT),,"Province inferred: snippet cuts off at 'จ.เช...' (likely Chiang Mai) - checker must verify. Named as Global Fund sub-recipient for migrant key populations including พนักงานบริการ. Other sub-recipients on same page: STM (Stella Maris), ALIGHT, SMRU (Tak, Mae Sot) - provinces not verified, not recorded.",1,r1_c_international,1
O87cd0dd8,O87cd0dd8-561ba9,Mplus Foundation (Chiang Mai),มูลนิธิเอ็มพลัส,Mplus,ngo,local,TH-50,Chiang Mai,Chiang Mai,yes,unclear,hiv_testing; sti_testing; prep; outreach; mental_health,,,,,https://bmcpublichealth.biomedcentral.com/articles/10.1186/s12889-023-17124-2,"works on HIV prevention and human rights issues affecting homosexual people, TGW, and sex workers.",2023,"Community-based key-population-led clinic; not described as sex-worker-led. Evidence is a journal article, no own page in results. AIDSmap says it is leading PrEP provider for male sex workers in northern Thailand.",1,r1_a_sex_worker_led,1
Oa3d6edc3,Oa3d6edc3-6fa576,Planned Parenthood Association of Thailand (PPAT) - Chiang Mai HIV prevention project,สมาคมวางแผนครอบครัวแห่งประเทศไทย (สวท) โครงการบริการป้องกันการติดเชื้อเอชไอวี จังหวัดเชียงใหม่,PPAT,ngo,provincial,TH-50,Chiang Mai,,yes,no,hiv_testing; sti_testing; referral; outreach,https://ppat.or.th,,,,https://ppat.or.th/%E0%B9%82%E0%B8%84%E0%B8%A3%E0%B8%87%E0%B8%81%E0%B8%B2%E0%B8%A3%E0%B8%9A%E0%B8%A3%E0%B8%B4%E0%B8%81%E0%B8%B2%E0%B8%A3%E0%B8%9B%E0%B9%89%E0%B8%AD%E0%B8%87%E0%B8%81%E0%B8%B1%E0%B8%99%E0%B8%81%E0%B8%B2/,เพิ่มการเข้าถึงบริการป้องกันการติดเชื้อเอชไอวีในกลุ่มพนักงานบริการหญิง (FSW) ในพื้นที่จังหวัดเชียงใหม่ ตลอดจน ส่งต่อเข้าสู่บริการตรวจการติดเชื้อเอชไอวีและโรคติดต่อทางเพศสัมพันธ์,,"Funded by NHSO Region 1 Chiang Mai; PPAT also has clinic in Chiang Mai region per page (northern clinics in Chiang Mai, Chiang Rai, Lampang). Clinic address not confirmed.",2,r2_cnx,1
O1e9a9fa9,O1e9a9fa9-7709cf,MAP Foundation (Migrant Assistance Program),มูลนิธิเพื่อสุขภาพและความรู้แรงงานข้ามชาติ (แมป),MAP,ngo,provincial,TH-50; TH-63,Chiang Mai; Tak,Chiang Mai; Mae Sot,yes,no,migrant_support; violence_support; labour_rights; legal_aid; referral; hiv_treatment,https://www.mapfoundationcm.org,,https://www.mapfoundationcm.org/en/about.html,,https://www.mapfoundationcm.org/en/about.html,"In Chiang Mai, a branch of empower, set up in 1990 opened its drop-in centre for all sex workers and was immediately adopted as the educational and empowerment centre for both Thai and migrant sex workers.",2026,"Serves migrants from Burma (Burmese, Shan materials). Sex worker connection on own page is via history of Empower; Irrawaddy article says MAP refers male sex workers for medical support, and runs women's exchange programme on gender-based violence. Mae Sot office inferred from about page/annual report; checker to confirm.",1,r1_e_support,1
Ob31fa3c2,Ob31fa3c2-993245,Mplus Foundation - Lampang HIV testing (with hospitals),มูลนิธิเอ็มพลัส (ลำปาง),,ngo,provincial,TH-52,Lampang,Mueang Lampang,yes,unclear,hiv_testing; prep; sti_testing; pep; hiv_treatment; condoms_lubricants; outreach,https://www.mplusthailand.com/en/our-history/,,https://www.simpprep.org/testing; https://today.line.me/th/v3/article/peZOL26,,https://www.mplusthailand.com/en/our-history/,เอ็มพลัสยังทำงานร่วมกับภาครัฐและโรงพยาบาลเพื่อจัดกิจกรรมและให้บริการตรวจเอชไอวีในอีก 6 จังหวัดได้แก่ ลำปาง ตาก สุโขทัย | เข้าถึงกลุ่มประชากรหลักในพื้นที่ ประกอบด้วย ชายที่มีเพศสัมพันธ์กับชาย สาวประเภทสอง พนักงานบริการ ผู้ใช้สารเสพติด,2026,"Lampang is a partner-hospital testing site, not a Mplus centre. Mplus history page does not name sex workers for Lampang. A separate Mplus page (love2test.org) lists พนักงานบริการทางเพศ among its key populations. SimpPrEP page lists Lampang Hospital counselling room but is MSM-only. Checker should confirm whether sex workers are served in Lampang. | Same page says Mplus works with government and hospitals to provide HIV testing in 6 provinces including Lampang. A news article (LINE Today) also lists Lampang among 6 branches and says outreach targets sex workers (พนักงานบริการ).",2; 3,r2_n2; r3_gap_11,2
Oa3d6edc3,Oa3d6edc3-b78ae3,Planned Parenthood Association of Thailand (PPAT) - Lampang HIV testing project,สมาคมวางแผนครอบครัวแห่งประเทศไทย (สวท) - ลำปาง,PPAT,ngo,provincial,TH-52,Lampang,,unclear,no,hiv_testing; referral; hiv_treatment,https://ppat.or.th/,,https://rsathai.org/contents/listing/%E0%B8%84%E0%B8%A5%E0%B8%B4%E0%B8%99%E0%B8%B4%E0%B8%81-%E0%B8%AA%E0%B8%A7%E0%B8%97-%E0%B9%80%E0%B8%A7%E0%B8%8A%E0%B8%81%E0%B8%A3%E0%B8%A3%E0%B8%A1-%E0%B8%A5%E0%B8%B3%E0%B8%9B%E0%B8%B2%E0%B8%87/,,https://ppat.or.th/en/%E0%B8%81%E0%B8%B2%E0%B8%A3%E0%B8%9B%E0%B9%89%E0%B8%AD%E0%B8%87%E0%B8%81%E0%B8%B1%E0%B8%99%E0%B8%81%E0%B8%B2%E0%B8%A3%E0%B8%95%E0%B8%B4%E0%B8%94%E0%B9%80%E0%B8%8A%E0%B8%B7%E0%B9%89%E0%B8%AD-hivaids-2/,สวท ส่งเสริมการเข้ารับบริการตรวจหาการติดเชื้อเอชไอวี และรักษาโรคภูมิคุ้มกันบกพร่องในประชากรกลุ่มเปราะบาง พื้นที่จังหวัดเชียงใหม่ เชียงราย ลำปาง ขอนแก่น,2020,"Project July 2559–Dec 2563 (2016–2020), may be finished. Page mentions FSW survey in Chiang Mai project area but 'vulnerable populations' for Lampang is not explicitly sex workers; PPAT also has a clinic in Lampang (rsathai listing). Checker to decide.",3,r3_gap_11,1
Ob31fa3c2,Ob31fa3c2-2cc0f4,Mplus Foundation - Chiang Rai clinic,คลินิกเทคนิคการแพทย์เอ็มพลัส เชียงราย มูลนิธิเอ็มพลัส,,ngo,local,TH-57,Chiang Rai,Mueang Chiang Rai,yes,unclear,hiv_testing; sti_testing; prep; pep; referral,https://www.mplusthailand.com/en/,,https://www.rcrc-resilience-southeastasia.org/thailand/first-community-led-hiv-clinic-for-high-risk-people-opens-in-chiang-rai/,,https://www.mplusthailand.com/en/,"We reach out to Men Who Have Sex with Men (MSM), Male Sex Workers (MSW), and Transgender Women (TGW) population in Chiang Mai",2026,"Mplus site lists Chiang Rai as a clinic. Chiang Rai launch article says the clinic serves MSM, TGW and female sex workers. Address per Love2Test: 997/5 (or 997/1) Sathan Phayaban Rd; verify.",1,r1_b_ngo_health,1
Oc741d0ed,Oc741d0ed-75a4b5,Rainbow Sky Association of Thailand (RSAT) - Nakhon Sawan,สมาคมฟ้าสีรุ้ง นครสวรรค์,RSAT,ngo,local,TH-60,Nakhon Sawan,,unclear,no,hiv_testing; prep; pep; hiv_treatment,http://www.rsat.info/en/,https://www.facebook.com/rsat.info/,,,https://www.hivjustice.net/organisation/rsat-rainbow-sky-association-of-thailand/,"Runs 6 clinics in Bangkok, Songkhla Province, Ubon Ratchathani Province, Nakhon Sawan Province, Pathom Province & Chonburi Province",,Third-party directory only; verify on rsat.info contact page.,1,r1_b_ngo_health,1
Ob31fa3c2,Ob31fa3c2-c66360,Mplus Foundation - Phitsanulok clinic,มูลนิธิเอ็มพลัส พิษณุโลก,,ngo,local,TH-65,Phitsanulok,,yes,unclear,hiv_testing; sti_testing; prep; pep,https://www.mplusthailand.com/en/,,,,https://www.mplusthailand.com/en/,Mplus Clinic - Chiangmai - Chiang Rai - Phitsanulok - Nakhon Ratchasima,2026,Branch listed on Mplus site; sex worker mention is from the same page (male sex workers served in Chiang Mai). Phone for Phitsanulok seen in TNN list (truncated).,1,r1_b_ngo_health,1
O60f9c434,O60f9c434-c6639b,Office of Disease Prevention and Control Region 5 Ratchaburi (ODPC5),สำนักงานป้องกันควบคุมโรคที่ 5 จังหวัดราชบุรี (สคร.5),ODPC5,government,provincial,TH-70,Ratchaburi,Mueang Ratchaburi,yes,no,referral,https://ddc.moph.go.th/odpc5/,https://www.facebook.com/dpc5.ddc/,https://odpc5ratchaburi.com/manual/uploads/other/file_6yrf1des2kju9w0g73h84t5.pdf,,https://odpc5ratchaburi.com/manual/uploads/other/file_6yrf1des2kju9w0g73h84t5.pdf,"กลุ่มประชากรหลักที่พบการติดเชื้อมากที่สุด เป็นกลุ่มชายมีเพศสัมพันธ์กับชาย (MSM), พนักงานบริการ (SW), กลุ่มผู้ใช้สารเสพติดชนิดฉีด (PWID) และ TG",2023,"Weak candidate. The ODPC5 document is an HIV surveillance analysis covering Ratchaburi, Samut Sakhon, Samut Songkhram and Phetchaburi. It names sex workers as a key population and gives per-province sex worker counts. It does not show a direct service. Checker should decide if it qualifies. ODPC5 covers all four provinces in this job, but only the Ratchaburi office site is recorded.",2,r2_c2,1
Oc741d0ed,Oc741d0ed-f5df6f,Rainbow Sky Association of Thailand (RSAT) - Nakhon Pathom,สมาคมฟ้าสีรุ้ง นครปฐม,RSAT,ngo,local,TH-73,Nakhon Pathom,,unclear,no,hiv_testing; prep; pep; hiv_treatment,http://www.rsat.info/en/,https://www.facebook.com/rsat.info/,,,https://www.hivjustice.net/organisation/rsat-rainbow-sky-association-of-thailand/,"Runs 6 clinics in Bangkok, Songkhla Province, Ubon Ratchathani Province, Nakhon Sawan Province, Pathom Province & Chonburi Province",,'Pathom Province' presumed Nakhon Pathom; verify.,1,r1_b_ngo_health,1
O020d3e3f,O020d3e3f-a68c9f,Service Workers in Group Foundation (SWING) - Nakhon Pathom,มูลนิธิเพื่อนพนักงานบริการ (SWING) นครปฐม,SWING,ngo,local,TH-73,Nakhon Pathom,,yes,yes,hiv_testing; mental_health,https://www.swingthailand.org/en/swingstory,,,,https://ddc.moph.go.th/das/news.php?news=33805&amp=&deptcode=das,5.มูลนิธิเพื่อนพนักงานบริการ (SWING) **นครปฐม** - โทร. 09 4563 4537 สายสบายใจ 08 2582 1714,,Evidence is a DDC (government) page listing SWING Nakhon Pathom in a free HIV test locations list; not SWING's own page. Sex worker mention comes from the organisation name (พนักงานบริการ); SWING's led-by-sex-workers status comes from other sources. 'สายสบายใจ' line suggests mental health support. Exact town in Nakhon Pathom not stated.,2,r2_c1,1
Oe34ae5ea,Oe34ae5ea-3d21cd,Phuket Provincial Health Office (PPHO) - HIV/AIDS division sex worker outreach,สำนักงานสาธารณสุขจังหวัดภูเก็ต,PPHO,government,provincial,TH-83,Phuket,Mueang Phuket,yes,no,hiv_testing; outreach; sti_testing,,,,,https://thethaiger.com/news/phuket/Phuket-health-workers-battle-HIVAids-STDs-and-social-stigma,"They conduct regular checkups, educate on safe sex practices, and conduct free blood testing for HIV/Aids.",,"Evidence is an old news article (c. 2010), not an official page; current status unverified. Monthly street outreach to female sex workers. Needs checking.",2,r2_pkt,1
Oaed6a02d,Oaed6a02d-2d1238,Raks Thai Foundation - Surat Thani (PWID/Samui outreach),มูลนิธิรักษ์ไทย สุราษฎร์ธานี,RTF,ngo,local,TH-84,Surat Thani,,unclear,no,condoms_lubricants; harm_reduction; outreach,,,https://x.com/pwidsamuiRTF,,https://x.com/pwidsamuiRTF,มูลนิธิรักษ์ไทย สุราษฏร์ธานี เพื่อนสาย #ไฮ #แจกฟรี #เข็มและอุปกรณ์สะอาด #ถุงยางอนามัย ให้คำปรึกษาด้านสุขภาพทางเพศ,,Focus is PWID; sex workers not named on this page. Raks Thai national plan lists RTF as implementer for key populations including พนักงานบริการ (http://www.wangmaichan.go.th/news/doc_download/a_130923_092015.pdf). Weak candidate.,1,r1_b_ngo_health,1
O020d3e3f,O020d3e3f-132200,Service Workers in Group Foundation (SWING) - Koh Samui,มูลนิธิเซอร์วิสเวิร์คเกอร์ อิน กรุ๊ป,SWING,ngo,local,TH-84,Surat Thani,Koh Samui,yes,yes,outreach; education_livelihood,https://www.swingthailand.org/en/swingstory,,https://www.apcom.org/spotlight-swing-thailand/,,https://www.apcom.org/spotlight-swing-thailand/,"SWING currently operates drop-in centers in Bangkok, Pattaya and Koh Samui, all of which provide a range of educational and health-related services to sex workers.",,"Evidence is old (APCOM spotlight, over a decade); SWING's own current page lists only Bangkok and Pattaya offices. Samui site may be closed - needs checking.",1,r1_a_sex_worker_led,1
Oa37e1d59,Oa37e1d59-98aba8,AHF Thailand - Ranong site,มูลนิธิเอดส์เฮลท์แคร์ (AHF) ระนอง,AHF,international,provincial,TH-85,Ranong,Ranong,yes,no,hiv_testing; migrant_support; outreach,https://www.aidshealth.org/global/thailand/,,,,https://thaisisterhood.com/resources/ngo/ahf-thailand,ขยายพื้นที่การทำงานไปยังจังหวัดต่างๆ นอกจากกรุงเทพมหานคร เช่น นนทบุรี ราชบุรี ชลบุรี ตาก สมุทรสาคร สมุทรปราการ และระนอง,,Evidence is a third-party page (Sisterhood) listing Ranong among AHF work areas and naming sex workers among key populations. AHF's own page says it has no clinics of its own and supports partner facilities; Ranong partner and address not confirmed.,2,r2_s1,1
Ob11a2fca,Ob11a2fca-e7db98,Dannok Health and Development Community Volunteers,,,community_group,local,TH-90,Songkhla,Sadao,yes,unclear,outreach,,,,,https://www.unaids.org/en/resources/presscentre/featurestories/2020/june/20200601_thailand,"SWING, in collaboration with Planned Parenthood Association Thailand and Dannok Health and Development Community Volunteers, with support from UNAIDS, launched a community-led rapid assessment of 255 sex workers",2020,"Province inferred from Dannok (Sadao, Songkhla) - not stated in source; services (HIV/STI) not confirmed; 2020 source only. Weak candidate.",1,r1_c_international,1
Oc741d0ed,Oc741d0ed-b4b50a,Rainbow Sky Association of Thailand (RSAT) - Songkhla (Hat Yai),สมาคมฟ้าสีรุ้งแห่งประเทศไทย สงขลา (หาดใหญ่),RSAT,ngo,local,TH-90,Songkhla,Hat Yai,unclear,no,hiv_testing; sti_testing; prep,http://www.rsat.info/en/,https://www.facebook.com/RSAT.Songkhla/,,,https://www.facebook.com/RSAT.Songkhla/,ฟ้าสีรุ้งเป็นสมาคมที่ทำงานกับผู้มีความหลากหลายทางเพศ ให้บริการตรวจเอชไอวี ซิฟิลิส ตรวจวัดระดับฮอร์โมน,,Branch page does not name sex workers; RSAT overall serves sex workers per UNAIDS (https://www.unaids.org/en/resources/presscentre/featurestories/2023/june/20230623_thailand-stigma-free-key-population-services). Contact 082-582-1714.,1,r1_b_ngo_health,1
O020d3e3f,O020d3e3f-c0838e,Service Workers in Group Foundation (SWING) - Hat Yai,มูลนิธิเพื่อนพนักงานบริการ (SWING) หาดใหญ่,SWING,ngo,local,TH-90,Songkhla,Hat Yai,yes,unclear,hiv_testing,https://www.swingthailand.org/en/swingstory,,,https://ddc.moph.go.th/das/news.php?news=33805&amp=&deptcode=das,https://ddc.moph.go.th/das/news.php?news=33805&amp=&deptcode=das,มูลนิธิเพื่อนพนักงานบริการ (SWING),,Listed on a DDC Division of AIDS page (apparently a list of free HIV testing providers) under Songkhla (Hat Yai) with a phone number. The page snippet does not state the services explicitly; the checker should open the page to confirm.,2,r2_s3,1
Oc836df26,Oc836df26-999c1d,Stella Maris Thailand (Apostleship of the Sea) - Songkhla,ศูนย์อภิบาลผู้เดินทางทะเล (STM) สงขลา,STM,ngo,local,TH-90,Songkhla,Songkhla,unclear,unclear,hiv_testing; outreach,,,,https://worldvision.or.th/news/grant/%E0%B8%A2%E0%B8%B8%E0%B8%95%E0%B8%B4%E0%B8%A7%E0%B8%B1%E0%B8%93%E0%B9%82%E0%B8%A3%E0%B8%84%E0%B9%81%E0%B8%A5%E0%B8%B0%E0%B9%80%E0%B8%AD%E0%B8%94%E0%B8%AA%E0%B9%8C/,https://worldvision.or.th/news/grant/%E0%B8%A2%E0%B8%B8%E0%B8%95%E0%B8%B4%E0%B8%A7%E0%B8%B1%E0%B8%93%E0%B9%82%E0%B8%A3%E0%B8%84%E0%B9%81%E0%B8%A5%E0%B8%B0%E0%B9%80%E0%B8%AD%E0%B8%94%E0%B8%AA%E0%B9%8C/,ศูนย์อภิบาลผู้เดินทางทะเล (STM),2024,"Sub-recipient of World Vision/Raks Thai Global Fund TB/HIV project for key populations incl. migrants, transgender people and sex workers. Page does not say STM itself serves sex workers; its manager describes migrant community mapping in Songkhla. Own page not found; English name guessed from acronym, verify. Evidence is a World Vision news page.",3,r3_snowball_1,1
O1c20957b,O1c20957b-168c65,"Department of Disease Control (DDC), Ministry of Public Health – Division of AIDS and STIs",กรมควบคุมโรค กองโรคเอดส์และโรคติดต่อทางเพศสัมพันธ์,DDC,government,national,nationwide,Nationwide,,yes,no,hiv_testing; prep; pep; condoms_lubricants; hiv_treatment; outreach,https://ddc.moph.go.th,,https://hivhub.ddc.moph.go.th,,http://www.wangmaichan.go.th/news/doc_download/a_130923_092015.pdf,ครอบคลุมในกลุ่มประชากรหลักและผู้มีพฤติกรรมเสี่ยง อันได้แก่ ชายมีเพศสัมพันธ์กับชาย พนักงานบริการ,2023,"Evidence is the national Ending AIDS Action Plan 2023-2026 hosted on a third-party (wangmaichan.go.th) site; a DDC-hosted 2023 national AIDS committee PDF (ddc.moph.go.th/uploads/publish/1509520231214095844.pdf) also names พนักงานบริการ with Mobile PrEP. Regional ODPC offices not recorded individually because no ODPC page naming sex workers as served was found. Checker should confirm policy-level, not a walk-in service.",1,r1_d_government,1
O9d99fe6e,O9d99fe6e-402d67,Hotline Centre Foundation (Friends of Women Foundation hotline service),มูลนิธิศูนย์ฮอทไลน์ (ศูนย์ฮอทไลน์),,ngo,national,nationwide,Nationwide,,yes,no,mental_health; violence_support; shelter; referral,http://www.hotline.or.th,,http://www.hotline.or.th/2019/about.html,,http://www.hotline.or.th/2019/about.html,ผู้หญิงด้อยโอกาสทุกระดับชั้น โดยเฉพาะอย่างยิ่งแม่บ้านทั่วไป หญิงขายบริการ หรือเคยขายบริการ และเหยื่อจากการค้ามนุษย์ข้ามชาติ,2019,Page is from a 2019 site version; check current status and phone numbers. Telephone/email/web counselling and shelters for women in crisis; name guessed from page title 'เกี่ยวกับมูลนิธิ' so checker should confirm exact name.,1,r1_e_support,1
