record,round,job_id,name,province_codes,city,sex_worker_mention,evidence_url,page,quote_check,quote_share_found,sex_work_terms_on_page,excluded,evidence_quote,final_url,text_file
1,1,r1_a_sex_worker_led,Service Workers in Group Foundation (SWING) - Bangkok,TH-10,Bang Rak (Silom),yes,https://www.swingthailand.org/en/swingstory,read,found,1.0,sex work; พนักงานบริการ without a qualifier,,"SWING is a community-based organization driven by the perspectives, needs and aspirations of the sex worker community.",https://www.swingthailand.org/en/swingstory,data/raw/pages/0a5382826415e927.txt
2,1,r1_a_sex_worker_led,Service Workers in Group Foundation (SWING) - Pattaya,TH-20,Pattaya,yes,https://www.swingthailand.org/en/swingstory,read,found,1.0,sex work; พนักงานบริการ without a qualifier,,SWING operates nationally with offices currently in Bangkok and Pattaya.,https://www.swingthailand.org/en/swingstory,data/raw/pages/0a5382826415e927.txt
3,1,r1_a_sex_worker_led,Service Workers in Group Foundation (SWING) - Koh Samui,TH-84,Koh Samui,yes,https://www.apcom.org/spotlight-swing-thailand/,read,found,1.0,sex work,,"SWING currently operates drop-in centers in Bangkok, Pattaya and Koh Samui, all of which provide a range of educational and health-related services to sex workers.",https://www.apcom.org/spotlight-swing-thailand/,data/raw/pages/927a1143672be1ea.txt
4,1,r1_a_sex_worker_led,Empower Foundation - Chiang Mai centre,TH-50,Chiang Mai,yes,https://www.empowerlibrary.online/,read,found,1.0,sex work; พนักงานบริการ without a qualifier,,"Currently we have a Centre in Chiang Mai with a local community of around 3,000 sex workers and a Museum in Nontaburi.",https://www.empowerlibrary.online/,data/raw/pages/04118bba1dd8262f.txt
5,1,r1_a_sex_worker_led,Empower Foundation - Nonthaburi (head office / museum),TH-12,Nonthaburi,yes,https://www.empowerlibrary.online/,read,found,1.0,sex work; พนักงานบริการ without a qualifier,,"Currently we have a Centre in Chiang Mai with a local community of around 3,000 sex workers and a Museum in Nontaburi.",https://www.empowerlibrary.online/,data/raw/pages/04118bba1dd8262f.txt
6,1,r1_a_sex_worker_led,"Empower Foundation - Mae Sai, Mae Sot, Mukdahan, Patong (historical centres)",TH-57; TH-63; TH-49; TH-83; TH-10,"Mae Sai, Mae Sot, Mukdahan, Patong",yes,https://db.sac.or.th/museum/museum-detail/1439,"not read, HTTP 403",not checked,,,,ปัจจุบันเอ็มพาวเวอร์มีศูนย์อยู่ที่กรุงเทพฯ เชียงใหม่ แม่สาย ป่าตอง มุกดาหาร และแม่สอด,,
7,1,r1_a_sex_worker_led,Asia Pacific Network of Sex Workers (APNSW),TH-10,Bangkok,yes,http://mail.cgshe.ca/policy/sex-work-health-human-rights/co-authors/asia-pacific-network-of-sex-workers-apnsw/,"not read, [Errno 8] nodename nor servname provided, or not known",not checked,,,,"The network management is sex worker led, and membership consists primarily of sex worker led organisations.",,
8,1,r1_a_sex_worker_led,Sisters Foundation (Pattaya),TH-20,Pattaya,yes,https://www.unaids.org/en/resources/presscentre/featurestories/2009/march/20090319sexwork,read,found,1.0,sex work,,"Sisters, like Swing runs a drop-in centre in Pattaya where they provide medical services, counselling, skills development as well as club activities",https://www.unaids.org/en/resources/presscentre/featurestories/2009/march/20090319sexwork,data/raw/pages/d3a4049245374626.txt
9,1,r1_a_sex_worker_led,Mplus Foundation (Chiang Mai),TH-50,Chiang Mai,yes,https://bmcpublichealth.biomedcentral.com/articles/10.1186/s12889-023-17124-2,"not read, blocked by a bot check",not checked,,,,"works on HIV prevention and human rights issues affecting homosexual people, TGW, and sex workers.",,
10,1,r1_d_government,"Department of Disease Control (DDC), Ministry of Public Health – Division of AIDS and STIs",nationwide,,yes,http://www.wangmaichan.go.th/news/doc_download/a_130923_092015.pdf,read,found,1.0,sex work; พนักงานบริการทางเพศ; พนักงานบริการหญิง; พนักงานบริการชาย; พนักงานบริการ without a qualifier,,ครอบคลุมในกลุ่มประชากรหลักและผู้มีพฤติกรรมเสี่ยง อันได้แก่ ชายมีเพศสัมพันธ์กับชาย พนักงานบริการ,http://www.wangmaichan.go.th/news/doc_download/a_130923_092015.pdf,data/raw/pages/f1d706ba1ec24871.txt
11,1,r1_d_government,"Bangrak STIs Center (Bangrak Medical Center), Department of Disease Control",TH-10,Sathorn,unclear,https://www.thaipost.net/education-news/87562/,read,found,1.0,พนักงานบริการ without a qualifier,,ศูนย์กลางด้านสุขภาพทางเพศแบบ One stop service ให้บริการครอบคลุมทั้งการตรวจคัดกรอง ให้คำปรึกษา รักษาโรคติดต่อทางเพศสัมพันธ์,https://www.thaipost.net/education-news/87562/,data/raw/pages/a8022880f3fed47b.txt
12,1,r1_d_government,"Tangerine Community Health Centre, Institute of HIV Research and Innovation / Thai Red Cross AIDS Research Centre",TH-10,Pathum Wan,yes,https://www.spotlightnsp.co.za/2018/07/24/aids2018-tangerine-a-thai-transgender-programme-that-works/,read,found,1.0,sex work,,"including transgender advocates, healthcare providers, those working within the fashion industry, as well as transgender sex workers.",https://www.spotlightnsp.co.za/2018/07/24/aids2018-tangerine-a-thai-transgender-programme-that-works/,data/raw/pages/7619e01533c2d4f6.txt
13,1,r1_b_ngo_health,Rainbow Sky Association of Thailand (RSAT) - Bangkok (Ramkhamhaeng),TH-10,Bang Kapi,yes,https://www.unaids.org/en/resources/presscentre/featurestories/2023/june/20230623_thailand-stigma-free-key-population-services,read,found,1.0,sex work,,"RSAT offers sexual healthcare for men who have sex with men, migrants, people who use drugs, sex workers and transgender people.",https://www.unaids.org/en/resources/presscentre/featurestories/2023/june/20230623_thailand-stigma-free-key-population-services,data/raw/pages/2ca8d67096e5850a.txt
14,1,r1_b_ngo_health,Rainbow Sky Association of Thailand (RSAT) - Songkhla (Hat Yai),TH-90,Hat Yai,unclear,https://www.facebook.com/RSAT.Songkhla/,"social page, needs a login",not checked,,,,ฟ้าสีรุ้งเป็นสมาคมที่ทำงานกับผู้มีความหลากหลายทางเพศ ให้บริการตรวจเอชไอวี ซิฟิลิส ตรวจวัดระดับฮอร์โมน,,
15,1,r1_b_ngo_health,Rainbow Sky Association of Thailand (RSAT) - Chonburi,TH-20,Mueang Chonburi,unclear,https://thaisisterhood.com/resources/ngo/rsat-thailand,read,found,1.0,,,คลินิกเทคนิคการแพทย์ฟ้าสีรุ้งชลบุรี,https://thaisisterhood.com/resources/ngo/rsat-thailand,data/raw/pages/3feb89a26bf33259.txt
16,1,r1_b_ngo_health,Rainbow Sky Association of Thailand (RSAT) - Ubon Ratchathani,TH-34,,unclear,https://www.hivjustice.net/organisation/rsat-rainbow-sky-association-of-thailand/,read,found,1.0,,,"Runs 6 clinics in Bangkok, Songkhla Province, Ubon Ratchathani Province, Nakhon Sawan Province, Pathom Province & Chonburi Province",https://www.hivjustice.net/organisation/rsat-rainbow-sky-association-of-thailand/,data/raw/pages/19235531381ddad6.txt
17,1,r1_b_ngo_health,Rainbow Sky Association of Thailand (RSAT) - Nakhon Sawan,TH-60,,unclear,https://www.hivjustice.net/organisation/rsat-rainbow-sky-association-of-thailand/,read,found,1.0,,,"Runs 6 clinics in Bangkok, Songkhla Province, Ubon Ratchathani Province, Nakhon Sawan Province, Pathom Province & Chonburi Province",https://www.hivjustice.net/organisation/rsat-rainbow-sky-association-of-thailand/,data/raw/pages/19235531381ddad6.txt
18,1,r1_b_ngo_health,Rainbow Sky Association of Thailand (RSAT) - Nakhon Pathom,TH-73,,unclear,https://www.hivjustice.net/organisation/rsat-rainbow-sky-association-of-thailand/,read,found,1.0,,,"Runs 6 clinics in Bangkok, Songkhla Province, Ubon Ratchathani Province, Nakhon Sawan Province, Pathom Province & Chonburi Province",https://www.hivjustice.net/organisation/rsat-rainbow-sky-association-of-thailand/,data/raw/pages/19235531381ddad6.txt
19,1,r1_b_ngo_health,CAREMAT Foundation Chiang Mai,TH-50,Mueang Chiang Mai,yes,https://love2test.org/en/clinic/caremat-chiangmai,read,found,1.0,sex work,,"The foundation primarily serves **men who have sex with men (MSM)**, **transgender women (TGW)**, and **male/female sex workers**, all of whom can access services **free of charge**.",https://love2test.org/en/clinic/caremat-chiangmai,data/raw/pages/81e872276f8c1482.txt
20,1,r1_b_ngo_health,Thai Red Cross AIDS Research Centre Anonymous Clinic (AIDSID),TH-10,Pathum Wan,unclear,https://th.aidsid.or.th/%E0%B8%9A%E0%B8%A3%E0%B8%B4%E0%B8%81%E0%B8%B2%E0%B8%A3%E0%B8%84%E0%B8%A5%E0%B8%B4%E0%B8%99%E0%B8%B4%E0%B8%81%E0%B8%84%E0%B8%99%E0%B8%82%E0%B9%89%E0%B8%B2%E0%B8%A1%E0%B9%80%E0%B8%9E%E0%B8%A8,"not read, HTTP 404",not checked,,,,ตรวจเอชไอวี ตรวจซิฟิลิส และโรคติดต่อทางเพศสัมพันธ์ ให้ยาป้องกันการติดเชื้อเอชไอวี เพร็พ/เป็บ (PrEP/PEP),,
21,1,r1_b_ngo_health,Institute of HIV Research and Innovation (IHRI) - Tangerine Clinic,TH-10,Pathum Wan,yes,https://pmc.ncbi.nlm.nih.gov/articles/PMC11666330/,read,found,1.0,sex work,,"Participants included a diverse range of transgender individuals, for example transgender women and men, sex workers, youth, persons with HIV",https://pmc.ncbi.nlm.nih.gov/articles/PMC11666330/,data/raw/pages/f0411a2219478dc4.txt
22,1,r1_b_ngo_health,Raks Thai Foundation - Surat Thani (PWID/Samui outreach),TH-84,,unclear,https://x.com/pwidsamuiRTF,"social page, needs a login",not checked,,,,มูลนิธิรักษ์ไทย สุราษฏร์ธานี เพื่อนสาย #ไฮ #แจกฟรี #เข็มและอุปกรณ์สะอาด #ถุงยางอนามัย ให้คำปรึกษาด้านสุขภาพทางเพศ,,
23,1,r1_c_international,AHF Thailand (AIDS Healthcare Foundation),TH-10,Watthana,yes,https://ahfthailand.com/about,read,found,1.0,ผู้ให้บริการทางเพศ,,การให้คำปรึกษา ตรวจหาการติดเชื้อเอชไอวี โรคติดต่อทางเพศสัมพันธ์ และส่งต่อเข้าสู่ระบบบริการโดยความร่วมมือกับองค์กรชุมชน และหน่วยงานภาครัฐ,https://ahfthailand.com/about,data/raw/pages/5e541416c93255a7.txt
24,1,r1_c_international,Raks Thai Foundation (CARE Thailand),TH-10,,yes,https://www.hhrjournal.org/2013/09/10/sex-and-the-global-fund-how-sex-workers-lesbians-gays-bisexuals-transgender-people-and-men-who-have-sex-with-men-are-benefiting-from-the-global-fund-or-not/,read,found,1.0,sex work,,"an NGO principal recipient, RAKS Thai Foundation, was able to direct funding to EMPOWER, a sex workers’ rights group, to implement a grant component focusing on HIV services for migrant sex workers",https://www.hhrjournal.org/2013/09/10/sex-and-the-global-fund-how-sex-workers-lesbians-gays-bisexuals-transgender-people-and-men-who-have-sex-with-men-are-benefiting-from-the-global-fund-or-not/,data/raw/pages/3594f422feb30a37.txt
25,1,r1_c_international,World Vision Foundation of Thailand (Global Fund TB/HIV migrant programme),TH-10; TH-12; TH-13; TH-11; TH-70; TH-71; TH-63; TH-50; TH-57; TH-58,,yes,https://worldvision.or.th/news/grant/%E0%B8%A2%E0%B8%B8%E0%B8%95%E0%B8%B4%E0%B8%A7%E0%B8%B1%E0%B8%93%E0%B9%82%E0%B8%A3%E0%B8%84%E0%B9%81%E0%B8%A5%E0%B8%B0%E0%B9%80%E0%B8%AD%E0%B8%94%E0%B8%AA%E0%B9%8C/,read,found,1.0,พนักงานบริการ without a qualifier,,พนักงานบริการและคู่ สามารถเข้าถึงบริการสุขภาพด้านวัณโรคและเอชไอวีอย่างเท่าเทียม โดยภาคีเครือข่ายผู้รับทุนรองที่ดำเนินงาน ได้แก่ มูลนิธิเพื่อสุขภาพและการเรียนรู้ของแรงงานกลุ่มชาติพันธ์ (MAP),https://worldvision.or.th/news/grant/%E0%B8%A2%E0%B8%B8%E0%B8%95%E0%B8%B4%E0%B8%A7%E0%B8%B1%E0%B8%93%E0%B9%82%E0%B8%A3%E0%B8%84%E0%B9%81%E0%B8%A5%E0%B8%B0%E0%B9%80%E0%B8%AD%E0%B8%94%E0%B8%AA%E0%B9%8C/,data/raw/pages/177f1f23a7755d53.txt
26,1,r1_c_international,MAP Foundation (Migrant Assistance Programme) - sub-recipient,TH-50,,yes,https://worldvision.or.th/news/grant/%E0%B8%A2%E0%B8%B8%E0%B8%95%E0%B8%B4%E0%B8%A7%E0%B8%B1%E0%B8%93%E0%B9%82%E0%B8%A3%E0%B8%84%E0%B9%81%E0%B8%A5%E0%B8%B0%E0%B9%80%E0%B8%AD%E0%B8%94%E0%B8%AA%E0%B9%8C/,read,found,1.0,พนักงานบริการ without a qualifier,,ผู้รับทุนรองที่ดำเนินงาน ได้แก่ มูลนิธิเพื่อสุขภาพและการเรียนรู้ของแรงงานกลุ่มชาติพันธ์ (MAP) ศูนย์อภิบาลผู้เดินทางทะเล (STM) องค์การอไลท์ (ALIGHT),https://worldvision.or.th/news/grant/%E0%B8%A2%E0%B8%B8%E0%B8%95%E0%B8%B4%E0%B8%A7%E0%B8%B1%E0%B8%93%E0%B9%82%E0%B8%A3%E0%B8%84%E0%B9%81%E0%B8%A5%E0%B8%B0%E0%B9%80%E0%B8%AD%E0%B8%94%E0%B8%AA%E0%B9%8C/,data/raw/pages/177f1f23a7755d53.txt
27,1,r1_c_international,Planned Parenthood Association of Thailand (PPAT) - Khon Kaen,TH-40; TH-10,,yes,https://ppat.or.th/en/%E0%B8%81%E0%B8%B2%E0%B8%A3%E0%B8%9B%E0%B9%89%E0%B8%AD%E0%B8%87%E0%B8%81%E0%B8%B1%E0%B8%99%E0%B8%81%E0%B8%B2%E0%B8%A3%E0%B8%95%E0%B8%B4%E0%B8%94%E0%B9%80%E0%B8%8A%E0%B8%B7%E0%B9%89%E0%B8%AD-hivaids-2/,read,found,1.0,พนักงานบริการหญิง,,เครือข่ายเพื่อนพนักงานบริการหญิง อาสาสมัครโครงการ และแกนนำกลุ่มเป้าหมาย ได้จัดให้บริการเชิงรุกแก่กลุ่มเป้าหมายในอำเภอเมืองขอนแก่น,https://ppat.or.th/en/%E0%B8%81%E0%B8%B2%E0%B8%A3%E0%B8%9B%E0%B9%89%E0%B8%AD%E0%B8%87%E0%B8%81%E0%B8%B1%E0%B8%99%E0%B8%81%E0%B8%B2%E0%B8%A3%E0%B8%95%E0%B8%B4%E0%B8%94%E0%B9%80%E0%B8%8A%E0%B8%B7%E0%B9%89%E0%B8%AD-hivaids-2/,data/raw/pages/db1b3ebf138d65e0.txt
28,1,r1_c_international,Dannok Health and Development Community Volunteers,TH-90,Sadao,yes,https://www.unaids.org/en/resources/presscentre/featurestories/2020/june/20200601_thailand,read,found,1.0,sex work,,"SWING, in collaboration with Planned Parenthood Association Thailand and Dannok Health and Development Community Volunteers, with support from UNAIDS, launched a community-led rapid assessment of 255 sex workers",https://www.unaids.org/en/resources/presscentre/featurestories/2020/june/20200601_thailand,data/raw/pages/d0f43737a040046b.txt
29,1,r1_b_ngo_health,Mplus Foundation - Chiang Rai clinic,TH-57,Mueang Chiang Rai,yes,https://www.mplusthailand.com/en/,read,found,1.0,sex work,,"We reach out to Men Who Have Sex with Men (MSM), Male Sex Workers (MSW), and Transgender Women (TGW) population in Chiang Mai",https://www.mplusthailand.com/en/,data/raw/pages/c52d4455698b0360.txt
30,1,r1_b_ngo_health,Mplus Foundation - Phitsanulok clinic,TH-65,,yes,https://www.mplusthailand.com/en/,read,found,1.0,sex work,,Mplus Clinic - Chiangmai - Chiang Rai - Phitsanulok - Nakhon Ratchasima,https://www.mplusthailand.com/en/,data/raw/pages/c52d4455698b0360.txt
31,1,r1_b_ngo_health,Mplus Foundation - Nakhon Ratchasima clinic,TH-30,,yes,https://www.mplusthailand.com/en/,read,found,1.0,sex work,,Mplus Clinic - Chiangmai - Chiang Rai - Phitsanulok - Nakhon Ratchasima,https://www.mplusthailand.com/en/,data/raw/pages/c52d4455698b0360.txt
32,1,r1_b_ngo_health,M-Friends Udon Thani Foundation,TH-41,Mueang Udon Thani,unclear,https://lovefoundation.or.th/en/clinics/,read,found,1.0,,,"M-Friends is a health-service location in Udon Thani offering PrEP, PEP.",https://lovefoundation.or.th/en/clinics/,data/raw/pages/79a13e44a1a8636f.txt
33,1,r1_b_ngo_health,Actteam Khon Kaen,TH-40,Mueang Khon Kaen,unclear,https://lovefoundation.or.th/en/clinics/,read,found,1.0,,,"Actteam is a health-service location in Khon Kaen offering HIV testing, PrEP, PEP, STI testing and care.",https://lovefoundation.or.th/en/clinics/,data/raw/pages/79a13e44a1a8636f.txt
34,1,r1_e_support,"Foundation for Inclusion Rights (FAIR), formerly Foundation for AIDS Rights (FAR) - Baan Samoe",TH-10,Min Buri,unclear,https://fairthailand.org/baansamer.php,read,found,1.0,พนักงานบริการ without a qualifier,,บ้านเสมอโดยมูลนิธิเพื่อสิทธิความหลากหลาย บริการให้คำปรึกษา และดำเนินการช่วยเหลือทางกฎหมาย จากการถูกเลือกปฎิบัติ หรือถูกกระทำความรุนแรง,https://fairthailand.org/baansamer.php,data/raw/pages/b5af59fdac8550d8.txt
35,1,r1_e_support,MAP Foundation (Migrant Assistance Program),TH-50; TH-63,Chiang Mai; Mae Sot,yes,https://www.mapfoundationcm.org/en/about.html,read,found,1.0,sex work,,"In Chiang Mai, a branch of empower, set up in 1990 opened its drop-in centre for all sex workers and was immediately adopted as the educational and empowerment centre for both Thai and migrant sex workers.",https://www.mapfoundationcm.org/en/about.html,data/raw/pages/22458eee226e4d4b.txt
36,1,r1_e_support,Hotline Centre Foundation (Friends of Women Foundation hotline service),nationwide,,yes,http://www.hotline.or.th/2019/about.html,read,found,1.0,หญิงขายบริการ; ขายบริการทางเพศ,,ผู้หญิงด้อยโอกาสทุกระดับชั้น โดยเฉพาะอย่างยิ่งแม่บ้านทั่วไป หญิงขายบริการ หรือเคยขายบริการ และเหยื่อจากการค้ามนุษย์ข้ามชาติ,http://www.hotline.or.th/2019/about.html,data/raw/pages/8412c5a25ea21052.txt
37,2,r2_c1,Service Workers in Group Foundation (SWING) - Nakhon Pathom,TH-73,,yes,https://ddc.moph.go.th/das/news.php?news=33805&amp=&deptcode=das,read,partly found,0.89,พนักงานบริการ without a qualifier,"The evidence page lists SWING branches in Silom, Saphan Khwai and Pattaya only. Nakhon Pathom and the numbers 09 4563 4537 and 08 2582 1714 are listed under the Rainbow Sky Association of Thailand, which round 1 already records in Nakhon Pathom.",5.มูลนิธิเพื่อนพนักงานบริการ (SWING) **นครปฐม** - โทร. 09 4563 4537 สายสบายใจ 08 2582 1714,https://ddc.moph.go.th/das/news.php?news=33805&amp=&deptcode=das,data/raw/pages/a9f0dcaca488baa2.txt
38,2,r2_bkk,"Bangkok Metropolitan Administration primary health centres - key population outreach (PrEP, counselling and testing)",TH-10,,yes,https://fasttrackcitiesmap.unaids.org/cities/bangkok/,read,found,1.0,sex work,,"all of the city’s 68 primary health centres have integrated outreach programmes that provide counselling and testing for gay men and other men who have sex with men, transgender people, male and female sex workers",https://fasttrackcitiesmap.unaids.org/cities/bangkok/,data/raw/pages/3ca8f7bba58afdf2.txt
39,2,r2_bkk,Silom Community Clinic @TropMed,TH-10,Bang Rak,unclear,https://pmc.ncbi.nlm.nih.gov/articles/PMC11574323/,read,found,1.0,sex work,,"Silom Community Clinic @TropMed (SCC @TropMed), Bangkok; Rainbow Sky Association of Thailand (RSAT), Bangkok; and Service Workers in Group Foundation in Bangkok and Pattaya",https://pmc.ncbi.nlm.nih.gov/articles/PMC11574323/,data/raw/pages/5759482df72d3999.txt
40,2,r2_chb,Tamar Center Pattaya,TH-20,Pattaya,yes,https://www.globalgiving.org/projects/help-sexworkers-in-thailand-find-a-new-life/,read,found,1.0,sex work; prostitut,,"We do this by reaching out, building relationships, offering vocational training, counseling and providing life teaching",https://www.globalgiving.org/projects/help-sexworkers-in-thailand-find-a-new-life/,data/raw/pages/a6b39fb0ada340c6.txt
41,2,r2_e1,Sisters Foundation - Rayong centre,TH-21,Mueang Rayong,unclear,https://www.facebook.com/sistersfoundationrayong/,"social page, needs a login",not checked,,,,ซิสเตอร์ ระยอง ศูนย์บริการชุมชนมาตรฐานระดับเพชร ตรวจเอชไอวีและซิฟิลิส 60 นาทีรู้ผล ไม่มีค่าใช้จ่าย,,
42,2,r2_ne2,"Health and Share Foundation (HSF) - HIV/AIDS Prevention & Care Project, Khemarat",TH-34; TH-37,Khemarat,yes,https://healthandshare.org/projects/hiv-prevention/,read,found,1.0,sex work,,"emphasizing the capacity building of target groups, such as MSM (Men Who Have Sex with Men), sex workers, youths, as well as community leaders.",https://healthandshare.org/projects/hiv-prevention/,data/raw/pages/26345597422a8383.txt
43,2,r2_ne2,Empower Foundation - Ubon Ratchathani centre,TH-34,,yes,https://tile.loc.gov/storage-services/service/gdc/gdcovop/2013341774/2013341774.pdf,read,found,1.0,sex work; prostitut,,"near the Laos border (Ubon Ratchathani, Udon Thani, Mukdahan)",https://tile.loc.gov/storage-services/service/gdc/gdcovop/2013341774/2013341774.pdf,data/raw/pages/a9a2ee90b108013e.txt
44,2,r2_cnx,Planned Parenthood Association of Thailand (PPAT) - Chiang Mai HIV prevention project,TH-50,,yes,https://ppat.or.th/%E0%B9%82%E0%B8%84%E0%B8%A3%E0%B8%87%E0%B8%81%E0%B8%B2%E0%B8%A3%E0%B8%9A%E0%B8%A3%E0%B8%B4%E0%B8%81%E0%B8%B2%E0%B8%A3%E0%B8%9B%E0%B9%89%E0%B8%AD%E0%B8%87%E0%B8%81%E0%B8%B1%E0%B8%99%E0%B8%81%E0%B8%B2/,read,found,1.0,พนักงานบริการหญิง,,เพิ่มการเข้าถึงบริการป้องกันการติดเชื้อเอชไอวีในกลุ่มพนักงานบริการหญิง (FSW) ในพื้นที่จังหวัดเชียงใหม่ ตลอดจน ส่งต่อเข้าสู่บริการตรวจการติดเชื้อเอชไอวีและโรคติดต่อทางเพศสัมพันธ์,https://ppat.or.th/%E0%B9%82%E0%B8%84%E0%B8%A3%E0%B8%87%E0%B8%81%E0%B8%B2%E0%B8%A3%E0%B8%9A%E0%B8%A3%E0%B8%B4%E0%B8%81%E0%B8%B2%E0%B8%A3%E0%B8%9B%E0%B9%89%E0%B8%AD%E0%B8%87%E0%B8%81%E0%B8%B1%E0%B8%99%E0%B8%81%E0%B8%B2/,data/raw/pages/dc59d88d82e83220.txt
45,2,r2_n2,Mplus Foundation - Lampang HIV testing (with hospitals),TH-52,Mueang Lampang,unclear,https://www.mplusthailand.com/en/our-history/,read,found,1.0,sex work; พนักงานบริการ without a qualifier,,เอ็มพลัสยังทำงานร่วมกับภาครัฐและโรงพยาบาลเพื่อจัดกิจกรรมและให้บริการตรวจเอชไอวีในอีก 6 จังหวัดได้แก่ ลำปาง ตาก สุโขทัย,https://www.mplusthailand.com/en/our-history/,data/raw/pages/23bbed259592242f.txt
46,2,r2_s3,Service Workers in Group Foundation (SWING) - Hat Yai,TH-90,Hat Yai,yes,https://ddc.moph.go.th/das/news.php?news=33805&amp=&deptcode=das,read,found,1.0,พนักงานบริการ without a qualifier,"The evidence page lists SWING branches in Silom, Saphan Khwai and Pattaya only. Hat Yai is listed under the Rainbow Sky Association of Thailand, which round 1 already records in Hat Yai.",มูลนิธิเพื่อนพนักงานบริการ (SWING),https://ddc.moph.go.th/das/news.php?news=33805&amp=&deptcode=das,data/raw/pages/a9f0dcaca488baa2.txt
47,2,r2_c2,Office of Disease Prevention and Control Region 5 Ratchaburi (ODPC5),TH-70,Mueang Ratchaburi,yes,https://odpc5ratchaburi.com/manual/uploads/other/file_6yrf1des2kju9w0g73h84t5.pdf,read,found,1.0,พนักงานบริการหญิง; พนักงานบริการชาย; ผู้ให้บริการทางเพศ; พนักงานบริการ without a qualifier,,"กลุ่มประชากรหลักที่พบการติดเชื้อมากที่สุด เป็นกลุ่มชายมีเพศสัมพันธ์กับชาย (MSM), พนักงานบริการ (SW), กลุ่มผู้ใช้สารเสพติดชนิดฉีด (PWID) และ TG",https://odpc5ratchaburi.com/manual/uploads/other/file_6yrf1des2kju9w0g73h84t5.pdf,data/raw/pages/b3df7bfd4ad00961.txt
48,2,r2_pkt,Phuket Provincial Health Office (PPHO) - HIV/AIDS division sex worker outreach,TH-83,Mueang Phuket,yes,https://thethaiger.com/news/phuket/Phuket-health-workers-battle-HIVAids-STDs-and-social-stigma,read,found,1.0,sex work; prostitut,,"They conduct regular checkups, educate on safe sex practices, and conduct free blood testing for HIV/Aids.",https://thethaiger.com/news/phuket/Phuket-health-workers-battle-HIVAids-STDs-and-social-stigma,data/raw/pages/11e9e4e6eb9f6cff.txt
49,2,r2_s1,AHF Thailand - Ranong site,TH-85,Ranong,yes,https://thaisisterhood.com/resources/ngo/ahf-thailand,read,found,1.0,พนักงานบริการ without a qualifier,,ขยายพื้นที่การทำงานไปยังจังหวัดต่างๆ นอกจากกรุงเทพมหานคร เช่น นนทบุรี ราชบุรี ชลบุรี ตาก สมุทรสาคร สมุทรปราการ และระนอง,https://thaisisterhood.com/resources/ngo/ahf-thailand,data/raw/pages/04e47a83654193a1.txt
50,3,r3_leads,Thai NGO Coalition on AIDS (TNCA),TH-10,,unclear,https://tncathai.org/,"not read, timed out",not checked,,,,องค์กรพัฒนาเอกชนที่ขับเคลื่อนโดยชุมชนในการต่อสู้กับเอชไอวี/เอดส์ในประเทศไทย,,
51,3,r3_snowball_1,Stella Maris Thailand (Apostleship of the Sea) - Songkhla,TH-90,Songkhla,unclear,https://worldvision.or.th/news/grant/%E0%B8%A2%E0%B8%B8%E0%B8%95%E0%B8%B4%E0%B8%A7%E0%B8%B1%E0%B8%93%E0%B9%82%E0%B8%A3%E0%B8%84%E0%B9%81%E0%B8%A5%E0%B8%B0%E0%B9%80%E0%B8%AD%E0%B8%94%E0%B8%AA%E0%B9%8C/,read,found,1.0,พนักงานบริการ without a qualifier,,ศูนย์อภิบาลผู้เดินทางทะเล (STM),https://worldvision.or.th/news/grant/%E0%B8%A2%E0%B8%B8%E0%B8%95%E0%B8%B4%E0%B8%A7%E0%B8%B1%E0%B8%93%E0%B9%82%E0%B8%A3%E0%B8%84%E0%B9%81%E0%B8%A5%E0%B8%B0%E0%B9%80%E0%B8%AD%E0%B8%94%E0%B8%AA%E0%B9%8C/,data/raw/pages/177f1f23a7755d53.txt
52,3,r3_gap_8,M-Friends Udon Thani Foundation,TH-41,Mueang Udon Thani,yes,https://thaisisterhood.com/resources/clinic/m-friends-udonthani-foundation,read,found,1.0,พนักงานบริการหญิง; พนักงานบริการชาย,,ผู้หญิงข้ามเพศ พนักงานบริการหญิง พนักงานบริการชาย และผู้ใช้สารเสพติดชนิดฉีดเข้าเส้น,https://thaisisterhood.com/resources/clinic/m-friends-udonthani-foundation,data/raw/pages/a0a38ec215a87526.txt
53,3,r3_gap_11,Mplus Foundation - Lampang HIV testing (with hospitals),TH-52,,yes,https://www.mplusthailand.com/en/our-history/,read,found,1.0,sex work; พนักงานบริการ without a qualifier,,เข้าถึงกลุ่มประชากรหลักในพื้นที่ ประกอบด้วย ชายที่มีเพศสัมพันธ์กับชาย สาวประเภทสอง พนักงานบริการ ผู้ใช้สารเสพติด,https://www.mplusthailand.com/en/our-history/,data/raw/pages/23bbed259592242f.txt
54,3,r3_gap_11,Planned Parenthood Association of Thailand (PPAT) - Lampang HIV testing project,TH-52,,unclear,https://ppat.or.th/en/%E0%B8%81%E0%B8%B2%E0%B8%A3%E0%B8%9B%E0%B9%89%E0%B8%AD%E0%B8%87%E0%B8%81%E0%B8%B1%E0%B8%99%E0%B8%81%E0%B8%B2%E0%B8%A3%E0%B8%95%E0%B8%B4%E0%B8%94%E0%B9%80%E0%B8%8A%E0%B8%B7%E0%B9%89%E0%B8%AD-hivaids-2/,read,found,1.0,พนักงานบริการหญิง,,สวท ส่งเสริมการเข้ารับบริการตรวจหาการติดเชื้อเอชไอวี และรักษาโรคภูมิคุ้มกันบกพร่องในประชากรกลุ่มเปราะบาง พื้นที่จังหวัดเชียงใหม่ เชียงราย ลำปาง ขอนแก่น,https://ppat.or.th/en/%E0%B8%81%E0%B8%B2%E0%B8%A3%E0%B8%9B%E0%B9%89%E0%B8%AD%E0%B8%87%E0%B8%81%E0%B8%B1%E0%B8%99%E0%B8%81%E0%B8%B2%E0%B8%A3%E0%B8%95%E0%B8%B4%E0%B8%94%E0%B9%80%E0%B8%8A%E0%B8%B7%E0%B9%89%E0%B8%AD-hivaids-2/,data/raw/pages/db1b3ebf138d65e0.txt
55,3,r3_social,"Bangrak STIs Center (Bangrak Medical Center), Department of Disease Control",TH-10,Sathorn,unclear,https://healthserv.net/healthbiz/13359,read,found,1.0,พนักงานบริการ without a qualifier,,"จ่ายยาเพร็พ (PrEP) เพื่อป้องกันการติดเชื้อเอชไอวีรายใหม่, ให้บริการแบบ STIs Test & Go",https://healthserv.net/healthbiz/13359,data/raw/pages/0750c6fd82474186.txt
56,3,r3_social,Sisters Foundation - Rayong centre,TH-21,Mueang Rayong,unclear,https://www.facebook.com/sistersfoundationrayong/,"social page, needs a login",not checked,,,,ซิสเตอร์ ระยอง ศูนย์บริการชุมชนมาตรฐานระดับเพชร ตรวจเอชไอวีและซิฟิลิส 60 นาทีรู้ผล ไม่มีค่าใช้จ่าย จองเลย,,
