org_id,site_id,name_en,name_th,acronym,org_type,level,province_codes,province_en,region,city,sex_worker_mention,sex_worker_led,services_mentioned,meets_inclusion,website,facebook_or_line,other_urls,partner_list_urls,evidence_urls,evidence_quotes,quotes_found,sex_work_terms_on_pages,pages_not_read,latest_activity_seen
Of07fcc7c,Of07fcc7c-8b04af,AHF Thailand (AIDS Healthcare Foundation),,AHF,international,international,TH-10,Bangkok,Central,Watthana,yes,no,hiv_testing; sti_testing; referral; condoms_lubricants; hiv_treatment,yes,https://ahfthailand.com/,,https://www.aidshealth.org/global/thailand/,,https://ahfthailand.com/about,การให้คำปรึกษา ตรวจหาการติดเชื้อเอชไอวี โรคติดต่อทางเพศสัมพันธ์ และส่งต่อเข้าสู่ระบบบริการโดยความร่วมมือกับองค์กรชุมชน และหน่วยงานภาครัฐ,1 of 1,ผู้ให้บริการทางเพศ,,2026
O2f87b87f,O2f87b87f-40eb6a,Asia Pacific Network of Sex Workers (APNSW),,APNSW,network,international,TH-10,Bangkok,Central,Bangkok,yes,yes,referral,yes,https://apnsw.net,https://www.facebook.com/APNSW/,https://x.com/apnsw,,http://mail.cgshe.ca/policy/sex-work-health-human-rights/co-authors/asia-pacific-network-of-sex-workers-apnsw/,"The network management is sex worker led, and membership consists primarily of sex worker led organisations.",0 of 1,,http://mail.cgshe.ca/policy/sex-work-health-human-rights/co-authors/asia-pacific-network-of-sex-workers-apnsw/,2026
O3dd478d9,O3dd478d9-12c4d1,"Bangkok Metropolitan Administration primary health centres - key population outreach (PrEP, counselling and testing)",ศูนย์บริการสาธารณสุข กรุงเทพมหานคร (สำนักอนามัย กทม.),BMA,government,local,TH-10,Bangkok,Central,,yes,no,hiv_testing; prep; pep; outreach,yes,,,https://fasttrackcitiesmap.unaids.org/cities/bangkok/,,https://fasttrackcitiesmap.unaids.org/cities/bangkok/,"all of the city’s 68 primary health centres have integrated outreach programmes that provide counselling and testing for gay men and other men who have sex with men, transgender people, male and female sex workers",1 of 1,sex work,,2022
Ofed32763,Ofed32763-1b13dc,"Bangrak STIs Center (Bangrak Medical Center), Department of Disease Control",ศูนย์การแพทย์บางรัก (โรงพยาบาลบางรัก) กรมควบคุมโรค,,government,local,TH-10,Bangkok,Central,Sathorn,unclear,no,sti_testing; sti_treatment; hiv_testing; prep,no,,https://www.facebook.com/BangrakSTIsCenter,https://ddc.moph.go.th/das/news.php?news=33805,,https://www.thaipost.net/education-news/87562/; https://healthserv.net/healthbiz/13359,"ศูนย์กลางด้านสุขภาพทางเพศแบบ One stop service ให้บริการครอบคลุมทั้งการตรวจคัดกรอง ให้คำปรึกษา รักษาโรคติดต่อทางเพศสัมพันธ์ | จ่ายยาเพร็พ (PrEP) เพื่อป้องกันการติดเชื้อเอชไอวีรายใหม่, ให้บริการแบบ STIs Test & Go",2 of 2,พนักงานบริการ without a qualifier,,2023
O258587da,O258587da-c2c38b,"Foundation for Inclusion Rights (FAIR), formerly Foundation for AIDS Rights (FAR) - Baan Samoe",มูลนิธิเพื่อสิทธิความหลากหลาย (FAIR) เดิมมูลนิธิศูนย์คุ้มครองสิทธิด้านเอดส์ (FAR),FAIR / FAR,ngo,national,TH-10,Bangkok,Central,Min Buri,unclear,no,legal_aid; mental_health; violence_support; harm_reduction; hiv_testing; condoms_lubricants; referral,no,https://fairthailand.org,https://www.facebook.com/p/%E0%B8%A1%E0%B8%B9%E0%B8%A5%E0%B8%99%E0%B8%B4%E0%B8%98%E0%B8%B4%E0%B9%80%E0%B8%9E%E0%B8%B7%E0%B9%88%E0%B8%AD%E0%B8%AA%E0%B8%B4%E0%B8%97%E0%B8%98%E0%B8%B4%E0%B8%84%E0%B8%A7%E0%B8%B2%E0%B8%A1%E0%B8%AB%E0%B8%A5%E0%B8%B2%E0%B8%81%E0%B8%AB%E0%B8%A5%E0%B8%B2%E0%B8%A2-FAIR-61557330737859/,https://fairthailand.org/baansamer.php; https://x.com/fair_thailand; https://www.facebook.com/fairthailandorg/,,https://fairthailand.org/baansamer.php,บ้านเสมอโดยมูลนิธิเพื่อสิทธิความหลากหลาย บริการให้คำปรึกษา และดำเนินการช่วยเหลือทางกฎหมาย จากการถูกเลือกปฎิบัติ หรือถูกกระทำความรุนแรง,1 of 1,พนักงานบริการ without a qualifier,,2025
O2765c2f5,O2765c2f5-d2cd69,Institute of HIV Research and Innovation (IHRI) - Tangerine Clinic,มูลนิธิสถาบันเพื่อการวิจัยและนวัตกรรมด้านเอชไอวี,IHRI,ngo,national,TH-10,Bangkok,Central,Pathum Wan,yes,no,hiv_testing; sti_testing; hiv_treatment; prep; pep,yes,https://ihri.org/overview/,,,,https://pmc.ncbi.nlm.nih.gov/articles/PMC11666330/,"Participants included a diverse range of transgender individuals, for example transgender women and men, sex workers, youth, persons with HIV",1 of 1,sex work,,2025
Oc741d0ed,Oc741d0ed-5bea26,Rainbow Sky Association of Thailand (RSAT) - Bangkok (Ramkhamhaeng),สมาคมฟ้าสีรุ้งแห่งประเทศไทย คลินิกเทคนิคการแพทย์ฟ้าสีรุ้งรามคำแหง,RSAT,ngo,local,TH-10,Bangkok,Central,Bang Kapi,yes,no,hiv_testing; sti_testing; prep; pep; condoms_lubricants; hiv_treatment; mental_health,yes,http://www.rsat.info/en/,https://www.facebook.com/rsat.info/,https://speakoutthailand.com/clinics/rsat-ramkhamhaeng/; https://thaisisterhood.com/resources/ngo/rsat-thailand,,https://www.unaids.org/en/resources/presscentre/featurestories/2023/june/20230623_thailand-stigma-free-key-population-services,"RSAT offers sexual healthcare for men who have sex with men, migrants, people who use drugs, sex workers and transgender people.",1 of 1,sex work,,2025
Oaed6a02d,Oaed6a02d-079c44,Raks Thai Foundation (CARE Thailand),มูลนิธิรักษ์ไทย,RTF,ngo,national,TH-10,Bangkok,Central,,yes,no,hiv_testing; outreach; migrant_support; condoms_lubricants,yes,,,https://worldvision.or.th/news/grant/%E0%B8%A2%E0%B8%B8%E0%B8%95%E0%B8%B4%E0%B8%A7%E0%B8%B1%E0%B8%93%E0%B9%82%E0%B8%A3%E0%B8%84%E0%B9%81%E0%B8%A5%E0%B8%B0%E0%B9%80%E0%B8%AD%E0%B8%94%E0%B8%AA%E0%B9%8C/,,https://www.hhrjournal.org/2013/09/10/sex-and-the-global-fund-how-sex-workers-lesbians-gays-bisexuals-transgender-people-and-men-who-have-sex-with-men-are-benefiting-from-the-global-fund-or-not/,"an NGO principal recipient, RAKS Thai Foundation, was able to direct funding to EMPOWER, a sex workers’ rights group, to implement a grant component focusing on HIV services for migrant sex workers",1 of 1,sex work,,2024
O020d3e3f,O020d3e3f-07a028,Service Workers in Group Foundation (SWING) - Bangkok,มูลนิธิเซอร์วิสเวิร์คเกอร์ อิน กรุ๊ป,SWING,ngo,national,TH-10,Bangkok,Central,Bang Rak (Silom),yes,yes,hiv_testing; hiv_treatment; condoms_lubricants; outreach; referral; education_livelihood,yes,https://www.swingthailand.org/en/swingstory,,,,https://www.swingthailand.org/en/swingstory,"SWING is a community-based organization driven by the perspectives, needs and aspirations of the sex worker community.",1 of 1,sex work; พนักงานบริการ without a qualifier,,2026
Off6c34d8,Off6c34d8-bf0124,Silom Community Clinic @TropMed,คลินิกชุมชนสีลม,SCC,other,local,TH-10,Bangkok,Central,Bang Rak,unclear,no,hiv_testing; sti_testing; prep,no,http://www.silomclinic.in.th/map.html,,https://www.fast-trackcities.org/hiv-services/bangkok,,https://pmc.ncbi.nlm.nih.gov/articles/PMC11574323/,"Silom Community Clinic @TropMed (SCC @TropMed), Bangkok; Rainbow Sky Association of Thailand (RSAT), Bangkok; and Service Workers in Group Foundation in Bangkok and Pattaya",1 of 1,sex work,,2024
O07584091,O07584091-2559ba,"Tangerine Community Health Centre, Institute of HIV Research and Innovation / Thai Red Cross AIDS Research Centre",คลินิกแทนเจอรีน ศูนย์วิจัยโรคเอดส์ สภากาชาดไทย,TRC-ARC,other,local,TH-10,Bangkok,Central,Pathum Wan,yes,no,hiv_testing; sti_testing; sti_treatment; prep; pep; hiv_treatment; mental_health,yes,https://th.aidsid.or.th/anonymous-clinic/,,,,https://www.spotlightnsp.co.za/2018/07/24/aids2018-tangerine-a-thai-transgender-programme-that-works/,"including transgender advocates, healthcare providers, those working within the fashion industry, as well as transgender sex workers.",1 of 1,sex work,,2025
Od7cb0d6a,Od7cb0d6a-172be1,Thai NGO Coalition on AIDS (TNCA),คณะกรรมการองค์การพัฒนาเอกชนด้านเอดส์ (กพอ.),TNCA,network,national,TH-10,Bangkok,Central,,unclear,unclear,referral,no,https://tncathai.org/,,http://tncathai.org/index.php/about-us,http://www.tncathai.org/index.php/network,https://tncathai.org/,องค์กรพัฒนาเอกชนที่ขับเคลื่อนโดยชุมชนในการต่อสู้กับเอชไอวี/เอดส์ในประเทศไทย,0 of 1,,https://tncathai.org/,2024
O4284b116,O4284b116-3441e2,Thai Red Cross AIDS Research Centre Anonymous Clinic (AIDSID),คลินิกนิรนาม ศูนย์วิจัยโรคเอดส์และโรคติดเชื้อ สภากาชาดไทย,AIDSID,other,national,TH-10,Bangkok,Central,Pathum Wan,unclear,no,hiv_testing; sti_testing; hiv_treatment; prep; pep,no,https://th.aidsid.or.th/,https://www.facebook.com/ByTrcarc/,,,https://th.aidsid.or.th/%E0%B8%9A%E0%B8%A3%E0%B8%B4%E0%B8%81%E0%B8%B2%E0%B8%A3%E0%B8%84%E0%B8%A5%E0%B8%B4%E0%B8%99%E0%B8%B4%E0%B8%81%E0%B8%84%E0%B8%99%E0%B8%82%E0%B9%89%E0%B8%B2%E0%B8%A1%E0%B9%80%E0%B8%9E%E0%B8%A8,ตรวจเอชไอวี ตรวจซิฟิลิส และโรคติดต่อทางเพศสัมพันธ์ ให้ยาป้องกันการติดเชื้อเอชไอวี เพร็พ/เป็บ (PrEP/PEP),0 of 1,,https://th.aidsid.or.th/%E0%B8%9A%E0%B8%A3%E0%B8%B4%E0%B8%81%E0%B8%B2%E0%B8%A3%E0%B8%84%E0%B8%A5%E0%B8%B4%E0%B8%99%E0%B8%B4%E0%B8%81%E0%B8%84%E0%B8%99%E0%B8%82%E0%B9%89%E0%B8%B2%E0%B8%A1%E0%B9%80%E0%B8%9E%E0%B8%A8,2026
O280769d6,O280769d6-5507e4,World Vision Foundation of Thailand (Global Fund TB/HIV migrant programme),มูลนิธิศุภนิมิตแห่งประเทศไทย,WVFT,international,national,TH-10; TH-11; TH-12; TH-13; TH-50; TH-57; TH-58; TH-63; TH-70; TH-71,Bangkok; Samut Prakan; Nonthaburi; Pathum Thani; Chiang Mai; Chiang Rai; Mae Hong Son; Tak; Ratchaburi; Kanchanaburi,Central; North; West,,yes,no,hiv_testing; hiv_treatment; migrant_support; referral,yes,https://worldvision.or.th/,,https://worldvision.or.th/where-we-work/,https://worldvision.or.th/news/grant/%E0%B8%A2%E0%B8%B8%E0%B8%95%E0%B8%B4%E0%B8%A7%E0%B8%B1%E0%B8%93%E0%B9%82%E0%B8%A3%E0%B8%84%E0%B9%81%E0%B8%A5%E0%B8%B0%E0%B9%80%E0%B8%AD%E0%B8%94%E0%B8%AA%E0%B9%8C/,https://worldvision.or.th/news/grant/%E0%B8%A2%E0%B8%B8%E0%B8%95%E0%B8%B4%E0%B8%A7%E0%B8%B1%E0%B8%93%E0%B9%82%E0%B8%A3%E0%B8%84%E0%B9%81%E0%B8%A5%E0%B8%B0%E0%B9%80%E0%B8%AD%E0%B8%94%E0%B8%AA%E0%B9%8C/,พนักงานบริการและคู่ สามารถเข้าถึงบริการสุขภาพด้านวัณโรคและเอชไอวีอย่างเท่าเทียม โดยภาคีเครือข่ายผู้รับทุนรองที่ดำเนินงาน ได้แก่ มูลนิธิเพื่อสุขภาพและการเรียนรู้ของแรงงานกลุ่มชาติพันธ์ (MAP),1 of 1,พนักงานบริการ without a qualifier,,
Oa3d6edc3,Oa3d6edc3-16e80b,Planned Parenthood Association of Thailand (PPAT) - Khon Kaen,สมาคมวางแผนครอบครัวแห่งประเทศไทย (สวท),PPAT,ngo,national,TH-10; TH-40,Bangkok; Khon Kaen,Central; Northeast,,yes,no,hiv_testing; sti_testing; outreach; referral; condoms_lubricants; contraception_pregnancy,yes,https://ppat.or.th/,,https://www.ippf.org/about-us/member-associations/thailand,,https://ppat.or.th/en/%E0%B8%81%E0%B8%B2%E0%B8%A3%E0%B8%9B%E0%B9%89%E0%B8%AD%E0%B8%87%E0%B8%81%E0%B8%B1%E0%B8%99%E0%B8%81%E0%B8%B2%E0%B8%A3%E0%B8%95%E0%B8%B4%E0%B8%94%E0%B9%80%E0%B8%8A%E0%B8%B7%E0%B9%89%E0%B8%AD-hivaids-2/,เครือข่ายเพื่อนพนักงานบริการหญิง อาสาสมัครโครงการ และแกนนำกลุ่มเป้าหมาย ได้จัดให้บริการเชิงรุกแก่กลุ่มเป้าหมายในอำเภอเมืองขอนแก่น,1 of 1,พนักงานบริการหญิง,,
O15a52d06,O15a52d06-4088aa,"Empower Foundation - Mae Sai, Mae Sot, Mukdahan, Patong (historical centres)",มูลนิธิเอ็มพาวเวอร์ ศูนย์แม่สาย แม่สอด มุกดาหาร ป่าตอง,Empower,ngo,local,TH-10; TH-49; TH-57; TH-63; TH-83,Bangkok; Mukdahan; Chiang Rai; Tak; Phuket,Central; Northeast; North; West; South,"Mae Sai, Mae Sot, Mukdahan, Patong",yes,yes,education_livelihood; migrant_support,no,https://www.empowerlibrary.online/,,,,https://db.sac.or.th/museum/museum-detail/1439,ปัจจุบันเอ็มพาวเวอร์มีศูนย์อยู่ที่กรุงเทพฯ เชียงใหม่ แม่สาย ป่าตอง มุกดาหาร และแม่สอด,0 of 1,,https://db.sac.or.th/museum/museum-detail/1439,
O15a52d06,O15a52d06-4b6f85,Empower Foundation - Nonthaburi (head office / museum),มูลนิธิเอ็มพาวเวอร์ นนทบุรี,Empower,ngo,national,TH-12,Nonthaburi,Central,Nonthaburi,yes,yes,,no,https://www.empowerlibrary.online/,,,,https://www.empowerlibrary.online/,"Currently we have a Centre in Chiang Mai with a local community of around 3,000 sex workers and a Museum in Nontaburi.",1 of 1,sex work; พนักงานบริการ without a qualifier,,
Oc741d0ed,Oc741d0ed-6cbba6,Rainbow Sky Association of Thailand (RSAT) - Chonburi,คลินิกเทคนิคการแพทย์ฟ้าสีรุ้งชลบุรี,RSAT,ngo,local,TH-20,Chon Buri,East,Mueang Chonburi,unclear,no,hiv_testing; sti_testing; prep; pep,no,http://www.rsat.info/en/,https://www.facebook.com/rsat.info/,https://www.hivjustice.net/organisation/rsat-rainbow-sky-association-of-thailand/,,https://thaisisterhood.com/resources/ngo/rsat-thailand,คลินิกเทคนิคการแพทย์ฟ้าสีรุ้งชลบุรี,1 of 1,,,
O020d3e3f,O020d3e3f-bb7609,Service Workers in Group Foundation (SWING) - Pattaya,มูลนิธิเซอร์วิสเวิร์คเกอร์ อิน กรุ๊ป พัทยา,SWING,ngo,local,TH-20,Chon Buri,East,Pattaya,yes,yes,hiv_testing; hiv_treatment; condoms_lubricants; outreach,yes,https://www.swingthailand.org/en/swingstory,,,,https://www.swingthailand.org/en/swingstory,SWING operates nationally with offices currently in Bangkok and Pattaya.,1 of 1,sex work; พนักงานบริการ without a qualifier,,2026
O37030553,O37030553-14a31a,Sisters Foundation (Pattaya),มูลนิธิซิสเตอร์ พัทยา,Sisters,ngo,local,TH-20,Chon Buri,East,Pattaya,yes,unclear,hiv_testing; sti_testing; mental_health; outreach,yes,,,https://www.unaids.org/en/resources/presscentre/featurestories/2009/march/20090319sexwork,,https://www.unaids.org/en/resources/presscentre/featurestories/2009/march/20090319sexwork,"Sisters, like Swing runs a drop-in centre in Pattaya where they provide medical services, counselling, skills development as well as club activities",1 of 1,sex work,,
O45311349,O45311349-a05f2d,Tamar Center Pattaya,,,ngo,local,TH-20,Chon Buri,East,Pattaya,yes,no,outreach; education_livelihood; contraception_pregnancy; shelter,no,http://www.tamarcenter.org/en/home,,https://www.globalgiving.org/donate/33826/tamar-center/,,https://www.globalgiving.org/projects/help-sexworkers-in-thailand-find-a-new-life/,"We do this by reaching out, building relationships, offering vocational training, counseling and providing life teaching",1 of 1,sex work; prostitut,,
O5cfedc75,O5cfedc75-d09fe2,Sisters Foundation - Rayong centre,มูลนิธิซิสเตอร์ ศูนย์ระยอง,,ngo,local,TH-21,Rayong,East,Mueang Rayong,unclear,unclear,hiv_testing; sti_testing; prep; hiv_treatment; condoms_lubricants; referral,no,https://sistersrayong.com,https://www.facebook.com/sistersfoundationrayong/,https://thaisisterhood.com/resources/clinic/sisters-rayong; https://love2test.org/clinic/sistersrayong; https://x.com/sisters_rayong,,https://www.facebook.com/sistersfoundationrayong/,ซิสเตอร์ ระยอง ศูนย์บริการชุมชนมาตรฐานระดับเพชร ตรวจเอชไอวีและซิฟิลิส 60 นาทีรู้ผล ไม่มีค่าใช้จ่าย | ซิสเตอร์ ระยอง ศูนย์บริการชุมชนมาตรฐานระดับเพชร ตรวจเอชไอวีและซิฟิลิส 60 นาทีรู้ผล ไม่มีค่าใช้จ่าย จองเลย,0 of 2,,https://www.facebook.com/sistersfoundationrayong/,2025
Ob31fa3c2,Ob31fa3c2-3f8fb3,Mplus Foundation - Nakhon Ratchasima clinic,มูลนิธิเอ็มพลัส นครราชสีมา,,ngo,local,TH-30,Nakhon Ratchasima,Northeast,,yes,unclear,hiv_testing; sti_testing; prep; pep,yes,https://www.mplusthailand.com/en/,,,,https://www.mplusthailand.com/en/,Mplus Clinic - Chiangmai - Chiang Rai - Phitsanulok - Nakhon Ratchasima,1 of 1,sex work,,2026
O23e643d1,O23e643d1-188ae5,Empower Foundation - Ubon Ratchathani centre,มูลนิธิเอ็มพาวเวอร์,,ngo,local,TH-34,Ubon Ratchathani,Northeast,,yes,yes,,no,,,,,https://tile.loc.gov/storage-services/service/gdc/gdcovop/2013341774/2013341774.pdf,"near the Laos border (Ubon Ratchathani, Udon Thani, Mukdahan)",1 of 1,sex work; prostitut,,
Oc741d0ed,Oc741d0ed-ec02ad,Rainbow Sky Association of Thailand (RSAT) - Ubon Ratchathani,สมาคมฟ้าสีรุ้ง อุบลราชธานี,RSAT,ngo,local,TH-34,Ubon Ratchathani,Northeast,,unclear,no,hiv_testing; prep; pep; hiv_treatment,no,http://www.rsat.info/en/,https://www.facebook.com/rsat.info/,,,https://www.hivjustice.net/organisation/rsat-rainbow-sky-association-of-thailand/,"Runs 6 clinics in Bangkok, Songkhla Province, Ubon Ratchathani Province, Nakhon Sawan Province, Pathom Province & Chonburi Province",1 of 1,,,
O7d85d820,O7d85d820-d6228e,"Health and Share Foundation (HSF) - HIV/AIDS Prevention & Care Project, Khemarat",,HSF,ngo,local,TH-34; TH-37,Ubon Ratchathani; Amnat Charoen,Northeast,Khemarat,yes,no,outreach; referral,yes,https://healthandshare.org/,,https://healthandshare.org/projects/hiv-prevention/,,https://healthandshare.org/projects/hiv-prevention/,"emphasizing the capacity building of target groups, such as MSM (Men Who Have Sex with Men), sex workers, youths, as well as community leaders.",1 of 1,sex work,,
O6cb85989,O6cb85989-f0a176,Actteam Khon Kaen,แอ๊คทีม ขอนแก่น,,ngo,local,TH-40,Khon Kaen,Northeast,Mueang Khon Kaen,unclear,unclear,hiv_testing; sti_testing; prep; pep; condoms_lubricants,no,,,https://lovefoundation.or.th/en/clinics/,,https://lovefoundation.or.th/en/clinics/,"Actteam is a health-service location in Khon Kaen offering HIV testing, PrEP, PEP, STI testing and care.",1 of 1,,,2026
O7d962698,O7d962698-55afbe,M-Friends Udon Thani Foundation,มูลนิธิเอ็มเฟรนด์อุดรธานี,M-Friends,ngo,local,TH-41,Udon Thani,Northeast,Mueang Udon Thani,yes,unclear,prep; pep; hiv_testing; sti_testing; condoms_lubricants; referral; outreach,yes,http://mfriendsfoundation.com/,https://www.facebook.com/MFUDon/,https://lovefoundation.or.th/en/clinics/; https://love2test.org/clinic/MFriends,https://www.mplusthailand.com/en/%E0%B8%A1%E0%B8%B9%E0%B8%A5%E0%B8%99%E0%B8%B4%E0%B8%98%E0%B8%B4%E0%B9%80%E0%B8%AD%E0%B9%87%E0%B8%A1%E0%B8%9E%E0%B8%A5%E0%B8%B1%E0%B8%AA-%E0%B8%A3%E0%B9%88%E0%B8%A7%E0%B8%A1%E0%B8%81%E0%B8%B1%E0%B8%9A/,https://lovefoundation.or.th/en/clinics/; https://thaisisterhood.com/resources/clinic/m-friends-udonthani-foundation,"M-Friends is a health-service location in Udon Thani offering PrEP, PEP. | ผู้หญิงข้ามเพศ พนักงานบริการหญิง พนักงานบริการชาย และผู้ใช้สารเสพติดชนิดฉีดเข้าเส้น",2 of 2,พนักงานบริการหญิง; พนักงานบริการชาย,,2026
Ocacdd1b1,Ocacdd1b1-f181ab,CAREMAT Foundation Chiang Mai,มูลนิธิแคร์แมท เชียงใหม่,CAREMAT,ngo,local,TH-50,Chiang Mai,North,Mueang Chiang Mai,yes,unclear,hiv_testing; sti_testing; prep; pep; condoms_lubricants; mental_health; referral,yes,https://caremathub.com,@carejung.cnx,https://love2test.org/en/clinic/caremat-chiangmai,,https://love2test.org/en/clinic/caremat-chiangmai,"The foundation primarily serves men who have sex with men (MSM), transgender women (TGW), and male/female sex workers, all of whom can access services free of charge.",1 of 1,sex work,,2025
O15a52d06,O15a52d06-c76b01,Empower Foundation - Chiang Mai centre,มูลนิธิเอ็มพาวเวอร์ (มูลนิธิส่งเสริมโอกาสผู้หญิง),Empower,ngo,national,TH-50,Chiang Mai,North,Chiang Mai,yes,yes,mental_health; legal_aid; labour_rights; education_livelihood; migrant_support; outreach,yes,https://www.empowerlibrary.online/,,http://www.empowerfoundation.org,,https://www.empowerlibrary.online/,"Currently we have a Centre in Chiang Mai with a local community of around 3,000 sex workers and a Museum in Nontaburi.",1 of 1,sex work; พนักงานบริการ without a qualifier,,2026-09
O1e9a9fa9,O1e9a9fa9-a4d691,MAP Foundation (Migrant Assistance Programme) - sub-recipient,มูลนิธิเพื่อสุขภาพและการเรียนรู้ของแรงงานกลุ่มชาติพันธ์ (MAP),MAP,ngo,provincial,TH-50,Chiang Mai,North,,yes,unclear,hiv_testing; migrant_support; outreach,yes,https://www.mapfoundationcm.org,,,,https://worldvision.or.th/news/grant/%E0%B8%A2%E0%B8%B8%E0%B8%95%E0%B8%B4%E0%B8%A7%E0%B8%B1%E0%B8%93%E0%B9%82%E0%B8%A3%E0%B8%84%E0%B9%81%E0%B8%A5%E0%B8%B0%E0%B9%80%E0%B8%AD%E0%B8%94%E0%B8%AA%E0%B9%8C/,ผู้รับทุนรองที่ดำเนินงาน ได้แก่ มูลนิธิเพื่อสุขภาพและการเรียนรู้ของแรงงานกลุ่มชาติพันธ์ (MAP) ศูนย์อภิบาลผู้เดินทางทะเล (STM) องค์การอไลท์ (ALIGHT),1 of 1,พนักงานบริการ without a qualifier,,
O87cd0dd8,O87cd0dd8-561ba9,Mplus Foundation (Chiang Mai),มูลนิธิเอ็มพลัส,Mplus,ngo,local,TH-50,Chiang Mai,North,Chiang Mai,yes,unclear,hiv_testing; sti_testing; prep; outreach; mental_health,yes,,,,,https://bmcpublichealth.biomedcentral.com/articles/10.1186/s12889-023-17124-2,"works on HIV prevention and human rights issues affecting homosexual people, TGW, and sex workers.",0 of 1,,https://bmcpublichealth.biomedcentral.com/articles/10.1186/s12889-023-17124-2,2023
Oa3d6edc3,Oa3d6edc3-6fa576,Planned Parenthood Association of Thailand (PPAT) - Chiang Mai HIV prevention project,สมาคมวางแผนครอบครัวแห่งประเทศไทย (สวท) โครงการบริการป้องกันการติดเชื้อเอชไอวี จังหวัดเชียงใหม่,PPAT,ngo,provincial,TH-50,Chiang Mai,North,,yes,no,hiv_testing; sti_testing; referral; outreach,yes,https://ppat.or.th,,,,https://ppat.or.th/%E0%B9%82%E0%B8%84%E0%B8%A3%E0%B8%87%E0%B8%81%E0%B8%B2%E0%B8%A3%E0%B8%9A%E0%B8%A3%E0%B8%B4%E0%B8%81%E0%B8%B2%E0%B8%A3%E0%B8%9B%E0%B9%89%E0%B8%AD%E0%B8%87%E0%B8%81%E0%B8%B1%E0%B8%99%E0%B8%81%E0%B8%B2/,เพิ่มการเข้าถึงบริการป้องกันการติดเชื้อเอชไอวีในกลุ่มพนักงานบริการหญิง (FSW) ในพื้นที่จังหวัดเชียงใหม่ ตลอดจน ส่งต่อเข้าสู่บริการตรวจการติดเชื้อเอชไอวีและโรคติดต่อทางเพศสัมพันธ์,1 of 1,พนักงานบริการหญิง,,
O1e9a9fa9,O1e9a9fa9-7709cf,MAP Foundation (Migrant Assistance Program),มูลนิธิเพื่อสุขภาพและความรู้แรงงานข้ามชาติ (แมป),MAP,ngo,provincial,TH-50; TH-63,Chiang Mai; Tak,North; West,Chiang Mai; Mae Sot,yes,no,migrant_support; violence_support; labour_rights; legal_aid; referral; hiv_treatment,yes,https://www.mapfoundationcm.org,,https://www.mapfoundationcm.org/en/about.html,,https://www.mapfoundationcm.org/en/about.html,"In Chiang Mai, a branch of empower, set up in 1990 opened its drop-in centre for all sex workers and was immediately adopted as the educational and empowerment centre for both Thai and migrant sex workers.",1 of 1,sex work,,2026
Ob31fa3c2,Ob31fa3c2-993245,Mplus Foundation - Lampang HIV testing (with hospitals),มูลนิธิเอ็มพลัส (ลำปาง),,ngo,provincial,TH-52,Lampang,North,Mueang Lampang,yes,unclear,hiv_testing; prep; sti_testing; pep; hiv_treatment; condoms_lubricants; outreach,yes,https://www.mplusthailand.com/en/our-history/,,https://www.simpprep.org/testing; https://today.line.me/th/v3/article/peZOL26,,https://www.mplusthailand.com/en/our-history/,เอ็มพลัสยังทำงานร่วมกับภาครัฐและโรงพยาบาลเพื่อจัดกิจกรรมและให้บริการตรวจเอชไอวีในอีก 6 จังหวัดได้แก่ ลำปาง ตาก สุโขทัย | เข้าถึงกลุ่มประชากรหลักในพื้นที่ ประกอบด้วย ชายที่มีเพศสัมพันธ์กับชาย สาวประเภทสอง พนักงานบริการ ผู้ใช้สารเสพติด,2 of 2,sex work; พนักงานบริการ without a qualifier,,2026
Oa3d6edc3,Oa3d6edc3-b78ae3,Planned Parenthood Association of Thailand (PPAT) - Lampang HIV testing project,สมาคมวางแผนครอบครัวแห่งประเทศไทย (สวท) - ลำปาง,PPAT,ngo,provincial,TH-52,Lampang,North,,unclear,no,hiv_testing; referral; hiv_treatment,no,https://ppat.or.th/,,https://rsathai.org/contents/listing/%E0%B8%84%E0%B8%A5%E0%B8%B4%E0%B8%99%E0%B8%B4%E0%B8%81-%E0%B8%AA%E0%B8%A7%E0%B8%97-%E0%B9%80%E0%B8%A7%E0%B8%8A%E0%B8%81%E0%B8%A3%E0%B8%A3%E0%B8%A1-%E0%B8%A5%E0%B8%B3%E0%B8%9B%E0%B8%B2%E0%B8%87/,,https://ppat.or.th/en/%E0%B8%81%E0%B8%B2%E0%B8%A3%E0%B8%9B%E0%B9%89%E0%B8%AD%E0%B8%87%E0%B8%81%E0%B8%B1%E0%B8%99%E0%B8%81%E0%B8%B2%E0%B8%A3%E0%B8%95%E0%B8%B4%E0%B8%94%E0%B9%80%E0%B8%8A%E0%B8%B7%E0%B9%89%E0%B8%AD-hivaids-2/,สวท ส่งเสริมการเข้ารับบริการตรวจหาการติดเชื้อเอชไอวี และรักษาโรคภูมิคุ้มกันบกพร่องในประชากรกลุ่มเปราะบาง พื้นที่จังหวัดเชียงใหม่ เชียงราย ลำปาง ขอนแก่น,1 of 1,พนักงานบริการหญิง,,2020
Ob31fa3c2,Ob31fa3c2-2cc0f4,Mplus Foundation - Chiang Rai clinic,คลินิกเทคนิคการแพทย์เอ็มพลัส เชียงราย มูลนิธิเอ็มพลัส,,ngo,local,TH-57,Chiang Rai,North,Mueang Chiang Rai,yes,unclear,hiv_testing; sti_testing; prep; pep; referral,yes,https://www.mplusthailand.com/en/,,https://www.rcrc-resilience-southeastasia.org/thailand/first-community-led-hiv-clinic-for-high-risk-people-opens-in-chiang-rai/,,https://www.mplusthailand.com/en/,"We reach out to Men Who Have Sex with Men (MSM), Male Sex Workers (MSW), and Transgender Women (TGW) population in Chiang Mai",1 of 1,sex work,,2026
Oc741d0ed,Oc741d0ed-75a4b5,Rainbow Sky Association of Thailand (RSAT) - Nakhon Sawan,สมาคมฟ้าสีรุ้ง นครสวรรค์,RSAT,ngo,local,TH-60,Nakhon Sawan,Central,,unclear,no,hiv_testing; prep; pep; hiv_treatment,no,http://www.rsat.info/en/,https://www.facebook.com/rsat.info/,,,https://www.hivjustice.net/organisation/rsat-rainbow-sky-association-of-thailand/,"Runs 6 clinics in Bangkok, Songkhla Province, Ubon Ratchathani Province, Nakhon Sawan Province, Pathom Province & Chonburi Province",1 of 1,,,
Ob31fa3c2,Ob31fa3c2-c66360,Mplus Foundation - Phitsanulok clinic,มูลนิธิเอ็มพลัส พิษณุโลก,,ngo,local,TH-65,Phitsanulok,Central,,yes,unclear,hiv_testing; sti_testing; prep; pep,yes,https://www.mplusthailand.com/en/,,,,https://www.mplusthailand.com/en/,Mplus Clinic - Chiangmai - Chiang Rai - Phitsanulok - Nakhon Ratchasima,1 of 1,sex work,,2026
O60f9c434,O60f9c434-c6639b,Office of Disease Prevention and Control Region 5 Ratchaburi (ODPC5),สำนักงานป้องกันควบคุมโรคที่ 5 จังหวัดราชบุรี (สคร.5),ODPC5,government,provincial,TH-70,Ratchaburi,West,Mueang Ratchaburi,yes,no,referral,yes,https://ddc.moph.go.th/odpc5/,https://www.facebook.com/dpc5.ddc/,https://odpc5ratchaburi.com/manual/uploads/other/file_6yrf1des2kju9w0g73h84t5.pdf,,https://odpc5ratchaburi.com/manual/uploads/other/file_6yrf1des2kju9w0g73h84t5.pdf,"กลุ่มประชากรหลักที่พบการติดเชื้อมากที่สุด เป็นกลุ่มชายมีเพศสัมพันธ์กับชาย (MSM), พนักงานบริการ (SW), กลุ่มผู้ใช้สารเสพติดชนิดฉีด (PWID) และ TG",1 of 1,พนักงานบริการหญิง; พนักงานบริการชาย; ผู้ให้บริการทางเพศ; พนักงานบริการ without a qualifier,,2023
Oc741d0ed,Oc741d0ed-f5df6f,Rainbow Sky Association of Thailand (RSAT) - Nakhon Pathom,สมาคมฟ้าสีรุ้ง นครปฐม,RSAT,ngo,local,TH-73,Nakhon Pathom,Central,,unclear,no,hiv_testing; prep; pep; hiv_treatment,no,http://www.rsat.info/en/,https://www.facebook.com/rsat.info/,,,https://www.hivjustice.net/organisation/rsat-rainbow-sky-association-of-thailand/,"Runs 6 clinics in Bangkok, Songkhla Province, Ubon Ratchathani Province, Nakhon Sawan Province, Pathom Province & Chonburi Province",1 of 1,,,
Oe34ae5ea,Oe34ae5ea-3d21cd,Phuket Provincial Health Office (PPHO) - HIV/AIDS division sex worker outreach,สำนักงานสาธารณสุขจังหวัดภูเก็ต,PPHO,government,provincial,TH-83,Phuket,South,Mueang Phuket,yes,no,hiv_testing; outreach; sti_testing,yes,,,,,https://thethaiger.com/news/phuket/Phuket-health-workers-battle-HIVAids-STDs-and-social-stigma,"They conduct regular checkups, educate on safe sex practices, and conduct free blood testing for HIV/Aids.",1 of 1,sex work; prostitut,,
Oaed6a02d,Oaed6a02d-2d1238,Raks Thai Foundation - Surat Thani (PWID/Samui outreach),มูลนิธิรักษ์ไทย สุราษฎร์ธานี,RTF,ngo,local,TH-84,Surat Thani,South,,unclear,no,condoms_lubricants; harm_reduction; outreach,no,,,https://x.com/pwidsamuiRTF,,https://x.com/pwidsamuiRTF,มูลนิธิรักษ์ไทย สุราษฏร์ธานี เพื่อนสาย #ไฮ #แจกฟรี #เข็มและอุปกรณ์สะอาด #ถุงยางอนามัย ให้คำปรึกษาด้านสุขภาพทางเพศ,0 of 1,,https://x.com/pwidsamuiRTF,
O020d3e3f,O020d3e3f-132200,Service Workers in Group Foundation (SWING) - Koh Samui,มูลนิธิเซอร์วิสเวิร์คเกอร์ อิน กรุ๊ป,SWING,ngo,local,TH-84,Surat Thani,South,Koh Samui,yes,yes,outreach; education_livelihood,no,https://www.swingthailand.org/en/swingstory,,https://www.apcom.org/spotlight-swing-thailand/,,https://www.apcom.org/spotlight-swing-thailand/,"SWING currently operates drop-in centers in Bangkok, Pattaya and Koh Samui, all of which provide a range of educational and health-related services to sex workers.",1 of 1,sex work,,
Oa37e1d59,Oa37e1d59-98aba8,AHF Thailand - Ranong site,มูลนิธิเอดส์เฮลท์แคร์ (AHF) ระนอง,AHF,international,provincial,TH-85,Ranong,South,Ranong,yes,no,hiv_testing; migrant_support; outreach,yes,https://www.aidshealth.org/global/thailand/,,,,https://thaisisterhood.com/resources/ngo/ahf-thailand,ขยายพื้นที่การทำงานไปยังจังหวัดต่างๆ นอกจากกรุงเทพมหานคร เช่น นนทบุรี ราชบุรี ชลบุรี ตาก สมุทรสาคร สมุทรปราการ และระนอง,1 of 1,พนักงานบริการ without a qualifier,,
Ob11a2fca,Ob11a2fca-e7db98,Dannok Health and Development Community Volunteers,,,community_group,local,TH-90,Songkhla,South,Sadao,yes,unclear,outreach,no,,,,,https://www.unaids.org/en/resources/presscentre/featurestories/2020/june/20200601_thailand,"SWING, in collaboration with Planned Parenthood Association Thailand and Dannok Health and Development Community Volunteers, with support from UNAIDS, launched a community-led rapid assessment of 255 sex workers",1 of 1,sex work,,2020
Oc741d0ed,Oc741d0ed-b4b50a,Rainbow Sky Association of Thailand (RSAT) - Songkhla (Hat Yai),สมาคมฟ้าสีรุ้งแห่งประเทศไทย สงขลา (หาดใหญ่),RSAT,ngo,local,TH-90,Songkhla,South,Hat Yai,unclear,no,hiv_testing; sti_testing; prep,no,http://www.rsat.info/en/,https://www.facebook.com/RSAT.Songkhla/,,,https://www.facebook.com/RSAT.Songkhla/,ฟ้าสีรุ้งเป็นสมาคมที่ทำงานกับผู้มีความหลากหลายทางเพศ ให้บริการตรวจเอชไอวี ซิฟิลิส ตรวจวัดระดับฮอร์โมน,0 of 1,,https://www.facebook.com/RSAT.Songkhla/,
Oc836df26,Oc836df26-999c1d,Stella Maris Thailand (Apostleship of the Sea) - Songkhla,ศูนย์อภิบาลผู้เดินทางทะเล (STM) สงขลา,STM,ngo,local,TH-90,Songkhla,South,Songkhla,unclear,unclear,hiv_testing; outreach,no,,,,https://worldvision.or.th/news/grant/%E0%B8%A2%E0%B8%B8%E0%B8%95%E0%B8%B4%E0%B8%A7%E0%B8%B1%E0%B8%93%E0%B9%82%E0%B8%A3%E0%B8%84%E0%B9%81%E0%B8%A5%E0%B8%B0%E0%B9%80%E0%B8%AD%E0%B8%94%E0%B8%AA%E0%B9%8C/,https://worldvision.or.th/news/grant/%E0%B8%A2%E0%B8%B8%E0%B8%95%E0%B8%B4%E0%B8%A7%E0%B8%B1%E0%B8%93%E0%B9%82%E0%B8%A3%E0%B8%84%E0%B9%81%E0%B8%A5%E0%B8%B0%E0%B9%80%E0%B8%AD%E0%B8%94%E0%B8%AA%E0%B9%8C/,ศูนย์อภิบาลผู้เดินทางทะเล (STM),1 of 1,พนักงานบริการ without a qualifier,,2024
O1c20957b,O1c20957b-168c65,"Department of Disease Control (DDC), Ministry of Public Health – Division of AIDS and STIs",กรมควบคุมโรค กองโรคเอดส์และโรคติดต่อทางเพศสัมพันธ์,DDC,government,national,nationwide,Nationwide,Nationwide,,yes,no,hiv_testing; prep; pep; condoms_lubricants; hiv_treatment; outreach,yes,https://ddc.moph.go.th,,https://hivhub.ddc.moph.go.th,,http://www.wangmaichan.go.th/news/doc_download/a_130923_092015.pdf,ครอบคลุมในกลุ่มประชากรหลักและผู้มีพฤติกรรมเสี่ยง อันได้แก่ ชายมีเพศสัมพันธ์กับชาย พนักงานบริการ,1 of 1,sex work; พนักงานบริการทางเพศ; พนักงานบริการหญิง; พนักงานบริการชาย; พนักงานบริการ without a qualifier,,2023
O9d99fe6e,O9d99fe6e-402d67,Hotline Centre Foundation (Friends of Women Foundation hotline service),มูลนิธิศูนย์ฮอทไลน์ (ศูนย์ฮอทไลน์),,ngo,national,nationwide,Nationwide,Nationwide,,yes,no,mental_health; violence_support; shelter; referral,yes,http://www.hotline.or.th,,http://www.hotline.or.th/2019/about.html,,http://www.hotline.or.th/2019/about.html,ผู้หญิงด้อยโอกาสทุกระดับชั้น โดยเฉพาะอย่างยิ่งแม่บ้านทั่วไป หญิงขายบริการ หรือเคยขายบริการ และเหยื่อจากการค้ามนุษย์ข้ามชาติ,1 of 1,หญิงขายบริการ; ขายบริการทางเพศ,,2019
